,hash,benchmark,result(z3+''),time(z3+''),result(z3+'sat.local_search=true'),time(z3+'sat.local_search=true'),result(z3+'sat.lookahead_simplify=true'),time(z3+'sat.lookahead_simplify=true'),result(z3+'sat.ddfw_search=true'),time(z3+'sat.ddfw_search=true')
0,00063d88244921d6ec46aeab6866a8e2,6s16.cnf,unknown,1000.00554741,unknown,1000.0046816240064,unknown,1000.0056347430218,unknown,1000.0051356829936
1,000a41cdca43be89ed62ea3abf2d0b64,snw_13_9_pre.cnf,sat,32.28909152799997,unknown,1000.0050389219832,sat,40.82025191298453,unknown,1000.0055714530172
2,002a0330958a14deb23dcc84b5489e8a,traffic_f_unknown.cnf,unsat,296.8102136330004,unknown,1000.0047590809992,unsat,281.8074907059781,unknown,1000.0052081949543
3,0033baadbd48d3f880e9b5a733bd4950,rope_0030.shuffled.cnf,unsat,0.0905419949999668,unknown,1000.0043411500228,unsat,0.1185125310439616,unknown,1000.0045214419952
4,003a77d2aa15a5f93aa2cfe79b986c9e,fclqcolor-20-15-15.shuffled-as.sat05-1270.cnf,sat,0.2491453399998136,sat,0.0631897959974594,sat,7.827164101006929,sat,6.523122505983338
5,0041051c73dcdd885d412a38e8b09fba,rphp4_065_shuffled.cnf,unknown,1000.004803637,unknown,1000.0043485859932,unknown,1000.0048679570318,unknown,1000.0046515580034
6,0041f01bcd7d0d1f9541cea6da79ad57,SGI_30_60_24_40_2-dir.shuffled-as.sat03-118.cnf,unknown,1000.0046831460004,unknown,1000.0044108690054,unknown,1000.0048148930072,unknown,1000.004766783095
7,004b0f451f7d96f6a572e9e76360f51a,spg_420_280.cnf,unsat,810.6056614930003,unknown,1000.0067496930131,unknown,1000.0073419520048,unknown,1000.0067204310326
8,0059d4b1cf79efbc6e6ed50caee0448e,4col220_9_1.shuffled.cnf,unknown,1000.0045624020004,unknown,1000.0043911949906,unknown,1000.0052305010032,unknown,1000.004620295018
9,005ccb378ced61c02105ed7ee0a62038,mm-2x2-5-0-s.1.shuffled-as.sat03-1496.cnf,unsat,2.5865538279995235,unknown,1000.0045374119944,unsat,3.0426014219992794,unknown,1000.0044408219401
10,0062dc10471119b9e13da682216b190f,ex179_11.cnf,sat,177.6814489110002,unknown,1000.0053673860092,sat,101.82271836599102,unknown,1000.0060566390166
11,0064aa2e16c9d4b18d32a45d3073fce9,desmul.miter.used-as.sat04-330.cnf,unsat,19.80052673099999,unknown,1000.0050121120004,unsat,31.756793717038818,unknown,1000.0054894490167
12,0071b624d91ebe408b0585f8c4e34fd9,ctl_4291_567_7_unsat.cnf,unsat,897.6799474550007,unknown,1000.0045061790152,unknown,1000.0044968069996,unknown,1000.0049148659455
13,008e7716c69009090ff6bd0048dc55f8,SAT_dat.k10.cnf,unknown,1000.0050745890004,unknown,1000.0052844460006,unknown,1000.0067812760244,unknown,1000.0051351899747
14,00a62eb89afbf27e1addf8f5c437da9b,ortholatin-7.cnf,sat,22.493763336000484,unknown,1000.0046941010224,sat,25.790801169001497,unknown,1000.0048954410013
15,00a981f385cd209d41e1efa1f5f29bac,ibm-2004-03-k70.cnf,sat,3.29439339199962,unknown,1000.0048752820004,sat,5.3367631289875135,unknown,1000.0051947989268
16,00aefd1fc30c425075166ca051e57218,barman-pfile10-038.sas.ex.15.cnf,unsat,249.6988345669997,unknown,1000.0075863579988,unknown,1000.0424529919984,unknown,1000.0075255179545
17,00b9b467c26540853360491401da61a5,minand064.cnf,unsat,7.159005199999228,unknown,1000.0046729869792,unsat,4.798188941960689,unknown,1000.0047152499901
18,00be590675417eba2bb2585790ac392d,iso-brn008.shuffled-as.sat05-2933.cnf,sat,0.0107014999994135,sat,0.0114373489923309,sat,0.0107961880275979,sat,0.3483895440585911
19,00d239e486137a4f7264adb4fb57d5ae,hwb-n24-01-S1048418025.shuffled-as.sat03-1617.cnf,unsat,262.111348204,unknown,1000.0043439330184,unsat,700.489784653997,unknown,1000.0041804179782
20,00e289099ea9bcef6a056a8c8ba8a3c0,ndist.b.21497.cnf,sat,79.38259417500012,sat,37.60644651998882,sat,92.55537819099844,unknown,1000.0057321309578
21,00ec2992d59f85705eb8e1f4f1e01b3d,sgen4-sat-280-8.cnf,unknown,1000.0045909010004,unknown,1000.004140762001,unknown,1000.0053413690184,sat,398.7786173019558
22,00f2eb377986e7decbc863931680a3b2,rand_net70-40-10.shuffled.cnf,unsat,660.5402397449998,unknown,1000.0044296899868,unsat,104.4376493570162,unknown,1000.0043179070344
23,00f4aca773e5675f35263dcd46b15bde,vmpc_28.shuffled-as.sat05-1957.cnf,sat,310.47403178199966,sat,402.3974576200126,sat,150.03099047904834,sat,305.2411577759776
24,00f969737ba4338bd233cd3ed249bd55,3col20_5_6.shuffled.cnf,unsat,0.0040921189993241,unknown,1000.004138142016,unsat,0.0044894480379298,unknown,1000.0043725949945
25,0101d013a916d903e8e618d7db1edbb3,phnf-size10-exclusive-equilarge_l3.used-as.sat04-895.sat05-4189.reshuffled-07.cnf,unknown,1000.004663279,unknown,1000.0051407849824,unknown,1000.0052555560252,unknown,1000.0055615050951
26,0107f34364dfff8ab062193b2c71b4de,sp4-33-bin-nons-flat-noid.cnf,unsat,468.4828754680002,unknown,1000.0044838399916,unsat,536.4382054749876,unknown,1000.004455621005
27,010c9d7a6e9e6cac63f110915d9dd56e,3col60_5_9.shuffled.cnf,unsat,0.0082229939998796,unknown,1000.0043669270236,unsat,0.0096419850015081,unknown,1000.0043657909846
28,01135f7a79d555bd0406f00fac22cbe2,SC21_Timetable_C_140_E_29_Cl_10_S_15.cnf,unknown,1000.005519876,unknown,1000.0053582959808,unknown,1000.0055676960036,unknown,1000.0055331570329
29,01209700b6b45ca5fda7fbcb17765db1,slp-synthesis-aes-top27.cnf,sat,528.6313019850004,unknown,1000.00515847301,sat,217.31754878698848,unknown,1000.0056734289974
30,01225987412b6f8423cc68be93385f6e,eqspwtrc16bparrc16.cnf,unknown,1000.004984829,unknown,1000.0045681470074,unknown,1000.0048144499888,unknown,1000.0046079200692
31,01243b47967a3d012ea22e993355c833,f8bidw.cnf,unsat,275.2579635659986,unknown,1000.0055900439912,unsat,330.1573199459817,unknown,1000.0054841709789
32,013a51ccada51812061ed2d6504e23a5,gensys-icl003.shuffled-as.sat05-3824.cnf,unsat,148.83235892300036,unknown,1000.004494517023,unsat,172.6079638430383,unknown,1000.004455807968
33,0141b82b3d2a411d8c2168119e2d7452,rope_0012.shuffled.cnf,unsat,0.0365825839980971,unknown,1000.004109054018,unsat,0.0266469530179165,unknown,1000.0042665930232
34,0151bedac526ee195bc52e4134cd80e7,ssAES_4-4-8_round_8-10_faultAt_8_fault_injections_2_seed_1579630418.cnf,unknown,1000.0056198509992,unknown,1000.005360730982,unknown,1000.0068020849722,unknown,1000.0052526739892
35,0152d286cde406747d179c36a95c2fdc,shift1add.10000.cnf,unsat,10.206601571000649,unknown,1000.0055219130008,unsat,11.139317925961222,unknown,1000.0057752899593
36,01657386753a1369dd286a3fee9062e4,SGI_30_70_28_60_1-log.shuffled-as.sat03-176.cnf,unknown,1000.004826663,unknown,1000.0045183030016,unknown,1000.0050884209924,unknown,1000.0049304240383
37,0167ead7da1e981805564ca981f64bea,aim-200-6_0-yes1-4.cnf.mis-135.debugged.cnf,unknown,1000.004836398999,unknown,1000.004733231006,unknown,1000.0068357309792,unknown,1000.0046546629164
38,017bba0f995e6d9921253e5a59521435,9symml_gr_2pin_w6.shuffled.cnf,sat,0.140570943000057,sat,93.5611178940162,sat,0.1570160660194233,unknown,1000.004649783019
39,01843a0195183ca14246a88bf7bad482,smulo016.cnf,unsat,7.579226101999666,unknown,1000.0044730329828,unsat,7.159168098994996,unknown,1000.0046894659754
40,0191a0bf3412ed407ba669f8d69081ee,mrpp_6x6#18_20.cnf,sat,14.449174605000737,unknown,1000.004678996018,sat,15.20913572399877,unknown,1000.0048309210688
41,01966a0fc52b2200a13f5f835275a919,SGI_30_70_27_50_3-dir.shuffled-as.sat03-169.cnf,unknown,1000.0048292760002,unknown,1000.0046010829974,unknown,1000.0056532529998,unknown,1000.004795103916
42,01979ca4966cc363ec3caeebd8d3fc31,connm-ue-csp-sat-n600-d0.04-s1979668539.used-as.sat04-981.cnf,unsat,110.93070822799928,unknown,1000.0042601210008,unsat,89.64306238503195,unknown,1000.0049114139983
43,019dc69c96737c3d62696c9acf3edf1b,T107.2.0.cnf,unknown,27.38293092100139,unknown,6.533759854006348,unknown,29.086932868987788,unknown,6.858624999993481
44,01a74343f618546e9ad2a60849140317,crafted_n12_d6_c3_num26.cnf,unknown,1000.0064202320028,unknown,1000.006714911986,unknown,1000.0123969229752,unknown,1000.0069118590327
45,01af042093bf36119811b6e658e7a231,ecgrid6x155_shuffled.cnf,unknown,1000.0062595470008,unknown,1000.0042915020022,unknown,1000.0059468360269,unknown,1000.0044551410247
46,01bc4d75a43a8293132d0be627341207,E04F19.cnf,sat,105.00070535299892,unknown,1000.0047347400103,sat,50.16233255201951,sat,115.25885289697908
47,01bd0865ab694bc71d80b7d285d5777d,shuffling-2-s1480152728-of-bench-sat04-434.used-as.sat04-711.cnf,unsat,152.02937804700196,unknown,1000.0060811110015,unsat,377.4016345080454,unknown,1000.0062596909702
48,01d142c43f3ce9a8c5ef7a1ecdbb6cba,urquhart3_25bis.shuffled.cnf,unsat,24.069681503999163,unknown,1000.0041764600028,unsat,14.746311430993956,unknown,1000.0044874490704
49,01d494c2afa4960a236bf8412e2bd08a,manol-pipe-c10id_s.cnf,unsat,12.562618486997962,unknown,1000.0053064440144,unsat,5.2792769389925525,unknown,1000.0052178400801
50,01dd5feb463fa80f73809718f6ff735b,10pipe_q0_k.cnf,unknown,1000.0057261139992,unknown,1000.0058929460064,unknown,1000.0056401619804,unknown,1000.0056290540379
51,0205e0724a8a912dde9ad7dfba2aee0b,003-23-80.cnf,unknown,1000.0060126390016,unknown,1000.0048166240158,sat,603.1104376129806,unknown,1000.0051813480677
52,02066c116dbacc40ec5cca2067db26c0,mrpp_4x4#12_12.cnf,unsat,25.83643321300042,unknown,1000.0041304379992,unsat,30.260890253004614,unknown,1000.004355289042
53,021331d523ad3092616ff99cf0c6c355,arcfour_initialPermutation_6_14.cnf,unsat,237.2394179790026,unknown,1000.0054231940012,unsat,266.26456511195283,unknown,1000.0054903000128
54,021686368317a35103f1f671f783d958,velev-npe-1.0-9dlx-b71.cnf,unknown,1000.0210972290006,unknown,9.17970760600292,unknown,21.14839047199348,unknown,8.42731499299407
55,0216f9d35f2b695b904fffb312e3e611,cms-scheel-md5-families-r24-c11-p1-4-6-9-10-11-13-15-17-18-19.cnf,sat,2.675367355997878,unknown,1000.005457385996,sat,14.18111098895315,unknown,1000.0054344080854
56,02197ec055ea06c347bf1c6ceb6facf7,slp-synthesis-aes-bottom24.cnf,unknown,1000.005088217,unknown,1000.0048520260024,unknown,1000.0069630790384,unknown,1000.0054161259905
57,02223564bd2f5c20768e63cf28c785e3,mp1-squ_ali_s10x10_c39_abio_SAT.cnf,sat,110.1257799010018,unknown,1000.0044401400082,sat,394.0371505710064,sat,9.740005054045469
58,02257f12aa71e6622d2bf4d0f7111ebf,sgen1-unsat-139-100.cnf.mis-105.debugged.cnf,unknown,1000.005307708001,unknown,1000.0046395719984,unknown,1000.0095682060346,unknown,1000.0046347900061
59,0227c865edaeda75e13eea36d57b7eed,sdiv40prop.cnf,unknown,1000.0044005329984,unknown,1000.0048103739972,unknown,1000.0051557330298,unknown,1000.004700073041
60,022b841952d37f0d6a0d050c9b4b0071,goldb-heqc-i8mul.cnf,unsat,291.73721021200254,unknown,1000.0045391659952,unsat,358.12503800500417,unknown,1000.005275625037
61,022dc7e9935f3570c088db58bd84b2c6,mrpp_6x6#12_8.cnf,unsat,0.0193550849980965,unknown,1000.0044399710024,unsat,0.0205014460370875,unknown,1000.0044082349632
62,02404a08ea36dd43362bbddc578c839d,ctl_4201_555_unsat.cnf,unknown,1000.0045419069976,unknown,1000.0047981410172,unknown,1000.0051965939928,unknown,1000.0049578940962
63,0240f5bddc39ad2f0a786c811fc434a8,SC21_Timetable_C_542_E_71_Cl_36_S_35.cnf,unknown,1000.0073886459976,unknown,1000.0061709540024,unknown,1000.0278666399536,unknown,1000.0069426579867
64,0241f35c5752768d2b0580533d143a14,53-131587.cnf,unknown,1000.0053550799968,unknown,1000.0048347339908,unknown,1000.0070117019932,unknown,1000.0052279239753
65,024af9416f8c1dad1b4f974757e38d51,8-5-6.cnf,unknown,1000.006511716998,unknown,1000.0053150980092,unknown,1000.0051587180352,unknown,1000.0055737399962
66,0261b44c278c36459061c368aa00575a,EDP3-12000.cnf,unknown,1000.0087966309948,unknown,1000.0053947059788,sat,804.8835721819778,unknown,1000.0056313280948
67,02627689047d06fbb642eef14768d751,ps_200_300_70.cnf,unsat,607.1504387210007,unknown,1000.0055011020158,unknown,1000.0067233300068,unknown,1000.0057716279989
68,0278eee117c3821771e2d18d710a89ad,equilarge_l5.sat05-522.reshuffled-07.cnf,unknown,1000.0046549269972,unknown,1000.0043688559964,unknown,1000.006853435014,unknown,1000.0044867378892
69,028d0cc7af63e9bba5795f20e24db4f6,pyhala-braun-sat-35-4-04.shuffled.cnf,sat,11.39220364499488,unknown,1000.004134390998,sat,11.371098695963155,unknown,1000.0057490899926
70,0294158664d9ada36bd23fbb652cb823,smtlib-qfbv-aigs-countbits128-tseitin.cnf,unknown,1000.0064424270022,unknown,1000.0044820879992,unknown,1000.00501828501,unknown,1000.008380030049
71,0297c2a35f116ffd5382aea5b421e6df,Urquhart-s3-b3.shuffled-as.sat03-1556.cnf,unsat,7.426183420997404,unknown,1000.0040587100084,unsat,10.908964632020798,unknown,1000.0044073070167
72,02b69d0e5c2b68d5c3d650164b6c277d,Q3inK08.cnf,sat,0.0054991760043776,sat,0.0078418439952656,sat,0.0067443000152707,sat,0.04418124398216605
73,02bc149bbe801807912f651c7bad3e74,dead-dnd008.shuffled-as.sat05-3114.cnf,unknown,1000.0042221529948,unknown,1000.00387697501,unknown,1000.0052160969936,unknown,1000.0049826740287
74,02c3f1d24074cba45a64d0b4b5aa0238,g2-hwmcc15deep-bobpcihm-k32.cnf,unknown,1000.0073054660024,unknown,1000.0054857700017,unknown,1000.0068152199964,unknown,1000.0054133520462
75,02c6fe8483e4f4474b7ac9731772535d,ncc_none_7047_6_3_3_0_0_420.cnf,unsat,631.2025418260018,unknown,1000.0092808649932,unknown,1000.060435965017,unknown,1000.0100248300005
76,02cfa5a71b5c89a1b10b5f5a5221ed05,clauses-8.cnf,sat,276.01352511499863,unknown,1000.0072336489976,unknown,1000.0089864420006,unknown,1000.007267924957
77,02d8847ee38504792705d794eb93e9a7,traffic_b_unsat.cnf,unsat,299.9994037169963,unknown,1000.0052217649936,unsat,335.1863580720383,unknown,1000.0053538240027
78,02eef920cd1aab9ef3492fe27bf515c4,php-025-024.shuffled-as.sat05-1191.cnf,unknown,1000.006376354002,unknown,1000.004163178004,unknown,1000.0058783470304,unknown,1000.0045117919799
79,02f2343e32f9070f149708d77556b4aa,Kakuro-easy-117-ext.xml.hg_5.cnf,unknown,32.18977425299818,unknown,13.48104153200984,unknown,20.358640264021236,unknown,13.866672398988158
80,03041657b7177746724b819433c83b20,blocks-4-ipc5-h21-unknown.cnf,unsat,7.069827649000217,unknown,1000.0055370199844,unsat,450.7607958989684,unknown,1000.0070423090365
81,0309ea422084568c2b4df13b32094380,rbsat-v945c61409gyes1.cnf,unknown,1000.0047092430032,sat,43.906497949006734,unknown,1000.0046475440032,sat,68.63384905201383
82,031757c0a6797eddf3e84bcefbbdb753,b2005-p2-14x14c17h9-Ser4-0.cnf,unknown,30.501637886001845,unknown,10.89230499599944,unknown,17.900651287985966,unknown,11.242868015076965
83,031c99d72be38eedacc8b402784e9821,partial-10-17-u.cnf,unknown,1000.005548672998,unknown,1000.0053303700116,unknown,1000.0060544089648,unknown,1000.0142992279725
84,033560dbd1b4d3545b4b40ef90aaaa29,total-5-15-u.cnf,unknown,1000.0051558250052,unknown,1000.0055537830048,unknown,1000.0050610709586,unknown,1000.005632081069
85,0336f81b60baac5b8f481dd3c32861a5,mod4block_2vars_10gates_u2_autoenc-sc2009.cnf,sat,17.767508539996925,unknown,1000.0046789479966,sat,122.9514573859633,unknown,1000.0050722409505
86,033743e540b7f6e2114a3e6981558795,li-test4-97.shuffled-as.sat03-375.cnf,unknown,1000.0054191109956,unknown,1000.0048860679964,unknown,1000.0090333769912,unknown,1000.0047861799831
87,033d611722714d5206cc0184479e92e2,urqh2x5.shuffled-as.sat03-1473.cnf,unsat,9.403007188993795,unknown,1000.0041216579848,unsat,13.25891590100946,unknown,1000.0044855859596
88,033f38da07bdbbad4763eaf1fe97ce37,AProVE07-27.cnf,unsat,523.4624790679954,unknown,1000.0045955929965,unsat,366.9564367560088,unknown,1000.0044057420455
89,035c200bbf0a783e4ec9656cfa9b2f68,vmpc_34.shuffled-as.sat05-1958-sc2005.cnf,unknown,1000.004786380996,unknown,1000.0043721830008,sat,210.99719046696555,sat,300.553166556987
90,036b541db9d0839b0591d408ff4f77ae,aes_decry_2_rounds.debugged.cnf,unknown,1000.0055238999994,unknown,1000.0055993360002,unknown,1000.0053850740078,unknown,1000.0059174220078
91,0379936c75c225f1a9a113762b019da6,AProVE09-17.cnf,sat,2.303401965997182,unknown,1000.0044905630056,sat,6.9092107359902,unknown,1000.0051647600485
92,037c423f56548082b1935e88c48ffdda,3col120_5_2.shuffled.cnf,sat,0.1208859799953643,sat,0.3375845720001962,sat,0.1764734460157342,unknown,1000.0043427950004
93,037d21e060a2e3eab8b080aa84ceee75,mm-1x10-10-10-sb.1.shuffled-as.sat03-1489.cnf,sat,45.48654585299664,unknown,1000.0045717619942,sat,47.3580205339822,sat,722.1851662889821
94,0398e6b20de133ba8b49c74b67dad7b7,6s133-sc2014.cnf,unknown,1000.0048274609944,unknown,1000.0048486430024,unknown,1000.0063052019686,unknown,1000.0051994959358
95,039b45f4a3979c9176b115bb8e88342f,genurq8Sat.shuffled-as.sat03-1514.cnf,sat,0.0959021570015465,sat,0.0054874670167919,sat,0.3399029779830016,sat,0.008496260037645698
96,03a1a18521814692f56a8ecbea0031d4,ablmulub2x32o-sc2016.cnf,unsat,342.4521587039999,unknown,1000.0039486899914,unsat,324.5101677189814,unknown,1000.0042725879466
97,03a1ada3e778fcec8a7ee0c9e685d4be,connm-ue-csp-sat-n1200-d-0.02-s1528687777.used-as.sat04-953.cnf,unknown,1000.0048322799994,unknown,1000.00432755801,unknown,1000.0048396280037,unknown,1000.0043925431091
98,03a43a7ea55217f53542ed3f029963af,satch2ways16w.cnf,unknown,1000.0053598840022,unknown,1000.0047864789958,unknown,1000.0052052869578,unknown,1000.0046569670085
99,03b75ba4f3a1bdcc58c89e6846eecaab,x2_128.shuffled-as.sat03-1598.cnf,unknown,1000.0053488000048,unknown,1000.0041021560028,unknown,1000.0063320429764,unknown,1000.0042973080417
100,03ba29d5cb38d345357a74a7b5ccd759,20-100-lambda100-49_sat.cnf,sat,274.0773804199998,unknown,1000.0046423599996,sat,118.7850546070258,unknown,1000.0050151919713
101,03bb7baaa45980753a0e7050ae44755d,atco_enc3_opt1_03_53.cnf,sat,186.16267824499664,unknown,1000.0066838159984,sat,812.7052782080136,unknown,1000.0104161179624
102,03c44a93577c98119dc498053888937a,ctl_4291_567_1_unsat_pre.cnf,unknown,1000.0046581709976,unknown,1000.0050593409978,unknown,1000.0043970930274,unknown,1000.0048969018972
103,03c5fef8cb8957ecf687548c8d504d10,SGI_30_80_21_90_2-log.shuffled-as.sat03-198.cnf,unknown,1000.0050624139984,unknown,1000.0045201829926,unknown,1000.005292998976,unknown,1000.0044338990701
104,03c8a9ffce923a8cb3452f18d371eacf,rook-55-0-1.cnf,unknown,1000.0062002560009,unknown,1000.004791386018,unknown,1000.005077689013,unknown,1000.0055630400311
105,03cb9868146a1c420ba8e3b1b08865b8,3col300_5_2.shuffled.cnf,sat,28.40698061999865,sat,40.05613151899888,sat,33.029921950015705,unknown,1000.0042735231109
106,03d1d6df36fdec5be7b60e6f0cd382f7,3col280_5_8.shuffled.cnf,sat,34.98407260700333,sat,0.2124768339854199,sat,11.449732806999236,unknown,1000.0042575239204
107,03d8064f3be30daecf2ffe4c54361e61,edges-025-4-7932777-1-00.cnf,unknown,1000.0050787769942,unknown,1000.0042157629796,unknown,1000.00446293602,unknown,1000.0045962550212
108,03d93f5c0378205e17260e16e463ac67,TimetableCNFEncoding_5_UNKNOWN-sc2018.cnf,unknown,1000.0064881600048,unknown,1000.005604261998,unknown,1000.007007302018,unknown,1000.0057060580002
109,03de316ba1e90305471a3b8620cb9cd7,satsgi-n23himBHm26-p0-q248.cnf,sat,0.1315541029980522,sat,0.0117232310003601,sat,0.0083655619528144,sat,0.011839263024739921
110,03f25e67e52baf9fb1e782026d46c8a8,rope_0003.shuffled.cnf,unsat,0.009657000999141,unknown,1000.0040811179788,unsat,0.00891167903319,unknown,1000.0042763040401
111,03fb9af7b390fe9e0739150ca3410cf0,4g_5color_166_100_02.cnf,unknown,37.75235611300013,unknown,17.682825181022054,unknown,18.48733880498912,unknown,18.631740120006725
112,04071576275e4113b60c21601b364345,marg2x5.shuffled-as.sat03-1443.cnf,unsat,0.022544473002199,unknown,1000.0043711100006,unsat,0.0230881199822761,unknown,1000.00420489104
113,04121f3fbe313b7046c9f54ac1e26c75,mod3block_2vars_9gates_u2_autoenc.cnf,unknown,1000.0047515170008,unknown,1000.004823544994,unknown,1000.0055769099854,unknown,1000.0045908220345
114,0412f6f3174dfc4c27ad0b61280cd739,SGI_30_40_30_20_2-dir.shuffled-as.sat05-442.cnf,unknown,1000.0049604899978,unknown,1000.00442858701,unknown,1000.0047960230148,unknown,1000.004557367065
115,04157f716c1e9606c6a530657bf8f957,Kakuro-easy-125-ext.xml.hg_4.cnf,unknown,37.62643720499909,unknown,13.57678423001198,unknown,21.947121117962524,unknown,14.35509574203752
116,0415acae197134f9d1cd7bea5ac3f2fd,jgiraldezlevy.2200.9086.08.40.136.cnf,sat,101.02756238000438,unknown,1000.0042642340122,sat,833.9540991200483,unknown,1000.0045056570088
117,041699620802b7ed905f93976ae60bef,longmult9.cnf,unsat,5.27827240699844,unknown,1000.0042929509946,unsat,3.5943865870358422,unknown,1000.0043273860356
118,041ef0a56340a623c38e6b9012933624,shuffling-2-s554396412-of-bench-sat04-318.used-as.sat04-598.cnf,unknown,1000.0046637300038,unknown,1000.005124845018,unknown,1000.0048256459996,unknown,1000.0043643770041
119,0421d8c1dec913b76dc72d781a864a80,dead-dnd006.shuffled-as.sat05-3112.cnf,unknown,1000.004987129003,unknown,1000.004397622979,unknown,1000.0042079279664,unknown,1000.0078540799441
120,04283728b84c4b0ff6cb44ca4bc4ab65,new-difficult-28-302-26-75.cnf,unknown,1000.005201658998,unknown,1000.0043147879768,unknown,1000.0048794469913,sat,58.48702887597028
121,042846b7b23a617ad1730e9eb2dbdceb,ctl_4291_567_9_unsat_pre.cnf,unsat,974.1800218450009,unknown,1000.0046110529802,unknown,1000.0047900140052,unknown,1000.0056107580895
122,04327b18171b43ff06586707499b97fc,hypercube4.shuffled-as.sat03-1434.cnf,unsat,0.1014842369986581,unknown,1000.0041988170124,unsat,0.0343075360287912,unknown,1000.0044778529555
123,043f806db615f7a138d4beffe3367c1a,frb45-21-1.used-as.sat04-883.cnf,unknown,1000.004517527006,sat,4.0170805850066245,unknown,1000.0047864590306,sat,44.14616434101481
124,04411a580ede5fd258d84ce872b5f53b,EDP3-50000.cnf,unknown,1000.0067800990072,unknown,1000.006600769004,unknown,1000.0090634170338,unknown,1000.0067056759726
125,0445a4d6be24882bac0988a055e7f379,unsat-set-a-fclqcolor-20-13-14.sat05-1278.reshuffled-07-sc2007.cnf,unknown,1000.0085103120072,unknown,1000.0041637889808,unknown,1000.0058375670342,unknown,1000.0046544750221
126,0447371bb8a97e8fe5d3cee6de1db766,UTI-20-10p0-sc2009.cnf,unknown,1000.0049754389912,unknown,1000.0052068950026,unknown,1000.0164597060066,unknown,1000.0060291580157
127,044d27388c142e8e47812d9518e01b2f,shuffling-2-s2123257475-of-bench-sat04-327.used-as.sat04-589.cnf,unsat,133.75578314700397,unknown,1000.004705777974,unsat,70.63612264703261,unknown,1000.0045048430329
128,044eced3d5aac22e0f34ad02071132f7,Q32inK10.cnf,unsat,266.5753268450062,unknown,1000.0045509129995,unsat,221.5500769480132,unknown,1000.0050929329591
129,04557a22f623dcbae86173fced057c99,baseballcover14with25.cnf,unknown,1000.0067797439988,unknown,1000.0070864449954,unknown,1000.0074024759816,unknown,1000.0082213330315
130,045613366353b062992e68937ca53edf,mrpp_6x6#14_12.cnf,sat,1.479411110994988,unknown,1000.0046799849952,sat,1.4357655339990745,unknown,1000.0045615240233
131,0458851a021830f297e5dc3418ece838,g2-T96.1.1.cnf,unknown,18.448796854994725,unknown,8.085759957961272,unknown,8.38048648298718,unknown,8.245489613967948
132,0462a0427297f8979588174b502bd044,mod2c-rand3bip-sat-230-1.shuffled-as.sat05-2503.cnf,unknown,1000.004777189999,unknown,1000.0041058500065,unknown,1000.006043889036,unknown,1000.005231318064
133,0463b72200ae80c02835c027d3606c4e,battleship-13-25-sat.cnf,unknown,1000.0052702440008,sat,16.43919670197647,unknown,1000.0045172139652,sat,0.009199281921610236
134,04674c7c9520c7edc0426b820f837726,hwb-n30-01-S682466202.shuffled-as.sat03-1632.cnf,unknown,1000.0046074450074,unknown,1000.0041860819912,unknown,1000.005213005992,unknown,1000.00411527697
135,047c92e7c0a36a23d8107f4313517719,rubikcube701-sc2017.cnf,unknown,1000.005372761996,unknown,1000.0047012009892,unknown,1000.0048636730062,unknown,1000.0047942280071
136,048a70da40ea4908c783b8314be2da97,aes_32_2_keyfind_1.cnf,unknown,1000.0050060399954,unknown,1000.0048461430124,sat,955.518649731006,unknown,1000.0046258090297
137,0491901f00c8663e5b49a0dbbf96412f,rbsat-v945c61409g4.cnf,sat,1.935793572993134,sat,5.410212534014136,sat,578.8179268499953,unknown,1000.004767361912
138,04935c7718d4ada8516e0d99c46df41b,g2-newton.8.3.i.smt2-cvc4.cnf,sat,9.782811565004522,unknown,1000.0058570349938,sat,749.5385367860436,unknown,1000.0063149860362
139,04b2a7f442ed1b15439d0678ce902d6f,f2clk_40.shuffled.cnf,unsat,38.71823584400408,unknown,1000.004923910019,unsat,29.917578777996823,unknown,1000.0049964769278
140,04d28cb98f3362dfcd4ab74d4bb82de3,ex065_24.cnf,unknown,1000.0058441810106,unknown,1000.0053568159929,unknown,1000.0104170539998,unknown,1000.0057765670354
141,04d2cca932a87b98ebfc7bbd0fe6ed5d,safe009_pso.oepc_true-unreach-call.i-cbmc-u2.cnf,unsat,2.12102116200549,unknown,1000.0049853170058,unsat,4.702852950023953,unknown,1000.0055305630667
142,04dd37bd8e319df958e1e091ec60de5b,gensys-icl003.shuffled-as.sat05-2715.cnf,unsat,20.80036308900162,unknown,1000.0044763070182,unsat,25.995665826951157,unknown,1000.0045272529824
143,04e219c640ed59dc68ea2d50493de5b5,mp1-Nb5T15.cnf,sat,13.845961159997389,unknown,1000.0041482439848,sat,611.9901639700402,unknown,1000.004748580046
144,04e50bc7a121716e396dc538ab24490e,5col120_15_5.shuffled.cnf,unsat,267.7542527279875,unknown,1000.0043128170072,unsat,336.37965649098624,unknown,1000.0044206039747
145,04f8b455b41f208ea19769f051ddcb1b,equilarge_l2.shuffled-as.sat05-519.cnf,unknown,1000.0047722620076,unknown,1000.0043843919992,unknown,1000.0050654470106,unknown,1000.004775390029
146,04f9f1f61d99108b7ad0fa77d275dc4c,3col260_5_9.shuffled.cnf,sat,2.400528055994073,sat,247.43936336500337,sat,1.260200591001194,unknown,1000.0044439920457
147,04fa0a71339fa76067a75ff448ef6f67,sat-strips-gripper-12t23.sat05-1144.reshuffled-07.cnf,sat,21.873222192996764,unknown,1000.0043014999828,sat,20.875856289989315,sat,29.40519024094101
148,050214ecbd9e96136fe1bc73447f1303,easier-php-035-029.sat05-1179.reshuffled-07.cnf,unknown,1000.0070293230092,unknown,1000.0043753060164,unknown,1000.0097615510458,unknown,1000.0044832370477
149,0506d033a4ca469af10d95dbf36a86e9,em_7_4_9_cmp.cnf,sat,50.74939833999088,unknown,1000.0042775209876,sat,37.696156740013976,sat,599.1536008029943
150,0521cd68355dd16e8f7940f43003d904,crafted_n10_d6_c4_num10.cnf,unknown,1000.0118347590032,unknown,1000.007395972032,unknown,1000.0079150280216,unknown,1000.0079702399671
151,0533a1506eb61460bee3917f61ca4c49,SGI_30_80_29_60_7-dir.shuffled-as.sat03-217.cnf,unknown,1000.0054831250018,unknown,1000.0045150970108,unknown,1000.005141080008,unknown,1000.0047161900438
152,0534387f90398a24495d4b7b05f9b342,dated-5-13-u.cnf,unknown,1000.005169490003,unknown,1000.0051242379704,unknown,1000.0067578009912,unknown,1000.0057529699989
153,055836a43eb318de92f09c555ba4f3b5,3col160_5_6.shuffled.cnf,sat,0.668501499996637,sat,0.199229274992831,sat,0.5632759040454403,unknown,1000.0044689549832
154,055db8f900741c7b8d7b731e99662588,rnd-v25-e13-k3.cnf,sat,1.1433257129974663,unknown,1000.0049021730084,sat,34.43367091502296,unknown,1000.0057013400365
155,055f942145df4b6c9fd0d10a3f1da98e,atco_enc1_opt1_15_240.cnf,sat,127.75126594099856,unknown,1000.0052072310356,sat,34.006167771993205,unknown,1000.0054326449754
156,05680de3febd39916e496dd772cb8c19,minor032.cnf,unsat,1.1496220709959744,unknown,1000.0043310360052,unsat,1.1516199220204726,unknown,1000.0045320260106
157,057f143aae50b8abc3e083b7609353be,g2-T133.2.1.cnf,unknown,20.771753733002697,unknown,7.387024731957354,unknown,10.537986985000316,unknown,7.607762558967806
158,05817b4e1add561af0e1165e01fb48cc,q_query_3_l45_lambda.cnf,unsat,151.29867682199983,unknown,1000.0052208300332,unsat,108.48070271796314,unknown,1000.0053184650606
159,0587f345cca3ef8340e8e71829dce130,VanDerWaerden_2-3-12_135.cnf,unsat,178.78288614700432,unknown,1000.004246558994,unsat,177.58663337701,unknown,1000.0044879909838
160,0593e6814f02ec9749e87bdc6aff8275,mrpp_6x6#14_10.cnf,sat,0.6864095850032754,unknown,1000.0042541810544,sat,0.3405600509722717,unknown,1000.0045290110866
161,05b04d362b374569a4eb63c4e4e132b7,mp1-9_3.cnf,sat,90.45200365300116,sat,7.801788094977383,sat,18.1787489450071,sat,37.18514676997438
162,05c52a5f9133f5afca84767f2eff98fa,g2-T103.2.1.cnf,unknown,36.44214915299381,unknown,6.371919476019684,unknown,31.579915512003936,unknown,6.792703381972387
163,05c5ff612371a5773e857212174f625b,ezfact64_9.shuffled-as.sat03-1525.cnf,sat,645.5229612269904,unknown,1000.004864453047,sat,479.9172105040052,unknown,1000.0044058919884
164,05df4430054ceba4fa065806e8c65041,SGI_30_80_23_90_10-log.shuffled-as.sat03-202.cnf,unknown,1000.006567133998,unknown,1000.0044492990128,unknown,1000.0049970059772,unknown,1000.0047107220162
165,05e5b5a37a0d7cb5e96c82b84bbdca66,Mycielski-11-hints-3.cnf,unknown,1000.0060238479928,unknown,1000.006045178976,unknown,1000.006580485031,unknown,1000.0062315600226
166,05eb87eb6fecb7a8a3bdc25154412c1d,VanDerWaerden_pd_2-3-24_592.cnf,unknown,1000.0052279220108,sat,22.923049770994112,unknown,1000.0059518319904,sat,2.850537796970457
167,05ed840c0a907e88e475c931f40fab83,bqwh.50.750.shuffled-as.sat05-434.cnf,unknown,1000.0067911630032,unknown,1000.0042806940036,unknown,1000.0049388249754,unknown,1000.0043933170382
168,05eee75ab69270c322b9ef6bc1ee8604,slp-synthesis-aes-bottom22.cnf,unknown,1000.0059332249948,unknown,1000.004774592002,unknown,1000.0057863369584,unknown,1000.0050810399698
169,05f3a48298721d68cded8618b432e7c3,s85-100.cnf,unknown,1000.004474900008,unknown,1000.0042417330552,unknown,1000.0051941500278,unknown,1000.004274838022
170,05f5567936f582edc0d3ea9903f540bc,sgen1-sat-230-100.cnf,unknown,1000.0052287849976,unknown,1000.0042473619689,unknown,1000.005146423995,sat,23.211753276060335
171,05fb1e489956554f9115344bce4e71c7,partial-10-11-u-sc2007.cnf,unknown,1000.0066966489976,unknown,1000.005191461998,unknown,1000.0065327740158,unknown,1000.0054442010587
172,05fbbab9f0baf819ed9593cca8587629,satsgi-n24himBHm28-p0-q282.cnf,sat,0.0885546039935434,sat,0.0130798689788207,sat,0.0097627980285324,sat,0.01339370699133724
173,060b7ed7ef9e59576b9ee62c998a5103,bvslt_13916.cnf,unsat,196.545133874999,unknown,1000.005742807989,unknown,1000.0068801189772,unknown,1000.0054950900376
174,0614e1ae5100ee0aca4ea24424479fa3,hwb-n32-01-S1491788039.shuffled-as.sat03-1637.cnf,unknown,1000.0049321330008,unknown,1000.0040743789868,unknown,1000.0048840050003,unknown,1000.0046078679152
175,06166a0dd78f45c213add974a6711dfe,barman-pfile10-038.sas.cr.25.cnf,unsat,45.65041404600197,unknown,1000.0064315710332,unsat,506.7794812559732,unknown,1000.0067331870086
176,0616ca6b1e0ae639d12e19ed310963a9,satcoin-genesis-SAT-4.cnf,sat,2.242026371008251,unknown,1000.0051869609742,sat,2.238882200035732,unknown,1000.005919157993
177,06172049e6804cbfb07f993023f2684f,VanDerWaerden_pd_2-3-29_809.cnf,unknown,1000.004788954,unknown,1000.0043602830264,unknown,1000.0051177100396,unknown,1000.0050281749573
178,062f58e44eb73f9274b57af5092cad90,rook-51-0-0.cnf,unknown,1000.0061676210024,unknown,1000.00535170699,unknown,1000.0053519540234,unknown,1000.0058853490045
179,06326dd7bab63b892d2c147d5928468c,smtlib-qfbv-aigs-bin_libsmbsharemodes_vc6201-tseitin.cnf,sat,2.9092098320106743,unknown,1000.005649608036,sat,66.03990245598834,unknown,1000.0052164440276
180,06385be5ecfc7df22b2c956093cef85f,depots3_v01a.renamed-as.sat05-3950.cnf,sat,0.0807599940017098,sat,0.1531912570353597,sat,0.0254305839771404,sat,0.05145947798155248
181,064ba3c61c5f105104edec8305853711,puzzle35_sat.cnf,unknown,1000.0057214219996,unknown,1000.0048817709904,unknown,1000.0045148800128,unknown,1000.0053728020284
182,066813ab5f3b7b1cc6d2847c37f5fae7,ezfact32_10.shuffled.cnf,sat,0.0103807039995444,unknown,1000.0046469899826,sat,0.0109298339812085,sat,312.47207301307935
183,066d6a47dfd9648d913ba8dbce722d75,slp-synthesis-aes-bottom16.cnf,unknown,1000.006693391988,unknown,1000.0049426939804,unknown,1000.0053612559568,unknown,1000.0048737550387
184,06872e73223dc74c76b06f37a185dc22,VanDerWaerden_2-3-16_238.cnf,unknown,1000.0051335509924,unknown,1000.0041288670036,unknown,1000.0049528250238,unknown,1000.004748501
185,068c64314f0f8405bc28bb4c52647145,sokoban-p20.sas.cr.27.cnf,unknown,1000.005960991999,unknown,1000.005184682028,unknown,1000.0066087679588,unknown,1000.0054100470152
186,0697524f77ccd503f7e5fe15f23a1268,crafted_n12_d6_c4_num27.cnf,unknown,1000.0077007110084,unknown,5.994955429981928,unknown,1000.0320409639972,unknown,1000.0114325379254
187,069f7d519e820f6b879f880703907bb3,SGI_30_60_28_40_2-dir.shuffled-as.sat03-124-sc2002.cnf,unknown,1000.0061024760072,unknown,1000.004336840997,unknown,1000.0047107579884,unknown,1000.0050065850373
188,06a36581f14e399a76a5110449ebe739,driverlog2_v01a.renamed-as.sat05-3961.cnf,sat,0.070846282003913,sat,0.0157796430285088,sat,0.0094811869785189,sat,0.015528876101598144
189,06d2543c151c2478fde159c6dc0424ac,udiv45prop.cnf,unknown,1000.0053212749916,unknown,1000.0049378739786,unknown,1000.0051086859894,unknown,1000.0043211039156
190,06d96f79264e9991a5a0a417c401657a,g2-mult1.c.50.smt2-cvc4.cnf,sat,1.526801665997482,unknown,1000.0053410680266,sat,0.6966161850141361,unknown,1000.006003507995
191,06e46ab0acac57a61638cbb741949a98,complete-500-0.1-1-9876543215001.cnf,sat,0.3975030450092163,sat,1.0946808010339737,sat,0.1200153669924475,unknown,1000.005107263918
192,06e928088bd822602edb83e41ce8dadb,satcoin-genesis-SAT-10.cnf,sat,13.737611121003283,unknown,1000.0052859259886,sat,3.8298054430051702,unknown,1000.0057160870638
193,06e997650b24ac5b5f87c1c64f4a5dcb,edn_9789_8.cnf_0.51000000.unsat.cnf,unsat,2.509347298007924,unknown,1000.0056050470448,unsat,1.3525087619782423,unknown,1000.0057976780226
194,06f538d7af257560476f9100e36d4445,gcdmax16bits_22.cnf,sat,71.71122258600371,unknown,1000.0049436959672,sat,50.76967471500393,unknown,1000.0060246259673
195,0701a5b57f9b37c5fcb77463c8582693,T84.2.0.cnf,unknown,37.5010642149864,unknown,6.604009928996675,unknown,30.945775765983853,unknown,6.868098364910111
196,070fde310eca4ddf6967896052efcb30,at-least-two-smtlib-qfbv-aigs-ext_con_032_008_0256-tseitin.cnf,unknown,1000.0057116579992,unknown,1000.0051077270182,unknown,1000.0054886750296,unknown,1000.0052462200401
197,072785fd927ff0fd180ce8b9cc00078f,20180321_140826713_p_cnf_320_1120.cnf,unknown,1000.0048755290044,unknown,1000.0041693790116,unknown,1000.005082144984,sat,0.012937695952132344
198,073c28dfd3204f4c51e03c297ac841c1,mod2c-rand3bip-unsat-120-3.shuffled-as.sat05-2340.cnf,unsat,51.50814791000448,unknown,1000.004114195006,unsat,9.961381493951194,unknown,1000.0038727279752
199,075c4fe7ae4cef57f1a4c00e58142e23,x1.1_64.shuffled-as.sat03-1585.cnf,unknown,1000.004693019,unknown,1000.0042952590156,unknown,1000.004887912015,unknown,1000.0043199310312
200,075e1eef00500b25ceb5ea4823ccf1b0,3col140_5_1.shuffled.cnf,sat,0.1752813909988617,sat,0.5691352299763821,sat,0.059145740000531,unknown,1000.0046068090014
201,076305ce31dd18724a3de91045800acc,26_stack_cas_longest_true-unreach-call.i-cbmc-u2-sc2016.cnf,unknown,30.068764467010624,unknown,16.32782014500117,unknown,17.415805641037878,unknown,16.529053812031634
202,07682e22f82f9257d44b45777ac06168,lksat-n900-m3357-k3-l5-s241765501.used-as.sat04-936.cnf,sat,1.2514984579902375,sat,0.2570908570196479,sat,0.1496430030092597,unknown,1000.0046810139902
203,076d4d6f83306ee69c35e3c99e30d8f8,x2_16.shuffled.cnf,unsat,0.081401799005107,unknown,1000.0042840929818,unsat,0.02160504902713,unknown,1000.0043144710362
204,076fba8945d3a54a06f326474477077d,mrpp_6x6#12_9.cnf,sat,0.4262478089949582,unknown,1000.0045323629748,sat,0.2865887879743241,unknown,1000.0046174461022
205,0779cddacfa34241cdf579cb2370ab8e,instance_n8_i9_pp_ci_ce.cnf,unknown,1000.0063878729998,unknown,1000.0044737980352,unknown,1000.00551979203,unknown,1000.0050575779751
206,0779ed19ae69bf464cce003d1a573246,008.cnf,sat,137.87619402400742,unknown,1000.0045754789608,sat,356.2896125309635,unknown,1000.0051494259387
207,07851afab30a10e44c8c3a2ae7806177,connm-ue-csp-sat-n1200-d0.00-s1415961664.shuffled-as.sat05-529.cnf,unknown,1000.0050345049968,unknown,1000.0043081039912,unknown,1000.0048414889608,unknown,1000.0045301620848
208,079b400eede86df1f1ffd6a3c303278b,hypercube5.shuffled-as.sat03-1435.cnf,unknown,1000.0046486030042,unknown,1000.0040421659942,unknown,1000.0052963159978,unknown,1000.0044635870727
209,079fec8d04a6ee936227ea90ea0903bf,tseitingrid6x175_shuffled.cnf,unknown,1000.0095730259928,unknown,1000.0044259759596,unknown,1000.00936547108,unknown,1000.0043450909434
210,07b476c83150d3cb7e08f5d045e255ab,marg5x5.shuffled-as.sat03-1455.cnf,unknown,1000.0065918319888,unknown,1000.0040886839852,unknown,1000.0049019160216,unknown,1000.0046987279784
211,07bbbb292324c8d8baeb232e144349fa,rand_net40-60-1.shuffled.cnf,unsat,0.4325353070016717,unknown,1000.0047750610393,unsat,0.6515079130185768,unknown,1000.0043736599619
212,07c3cce524e2b85d8315ac4397ef08c4,puzzle47_sat.cnf,unknown,1000.0057744820078,unknown,1000.0048514939843,unknown,1000.00739020505,unknown,1000.0073142129695
213,07c50b89d97a55b6e1629999a445a2ba,ctl_4201_555_unsat_pre.cnf,unknown,1000.0062159200024,unknown,1000.0046218450298,unknown,1000.0049254989716,unknown,1000.0053373109549
214,07cb45c60089b9008bf3118591a99bf9,hidden-k3-s0-r5-n700-03-S1609878926.shuffled-as.sat05-487.cnf,unknown,1000.0049340910044,unknown,1000.0042702190112,unknown,1000.0047592970076,unknown,1000.0044774169801
215,07d20a83feca9295e862a7d583da5971,UTI-20-10t1.cnf,sat,5.166192545002559,unknown,1000.0049929509988,sat,20.186348883085884,sat,627.0651031419402
216,07e851c74295f7ddf472820c0f0164e8,x2_72.shuffled-as.sat03-1604.cnf,unknown,1000.0069276319992,unknown,1000.004096610006,unknown,1000.0052785440348,unknown,1000.0042435850482
217,07f5f3ca046261c3819c5c888ac837e5,mod2c-rand3bip-unsat-105-3.shuffled-as.sat05-2325.cnf,unsat,4.424607581007876,unknown,1000.0041424049996,unsat,10.813403922016732,unknown,1000.0043866368942
218,08063f5baf6655656a300c946aaaca60,gt-ordering-unsat-gt-045.sat05-1310.reshuffled-07.cnf,unknown,1000.005669405,unknown,1000.0046297520166,unknown,1000.0061082119356,unknown,1000.0050594880013
219,080896c437245ac25eb6d3ad6df12c4f,bv-term-small-rw_1492.smt2.cnf,unknown,1000.006294273,unknown,1000.0047825209912,unknown,1000.0057462379336,unknown,1000.0049930689856
220,0810eb03d022334fdd1d5a6ad4969d47,gss-18-s100.cnf,sat,230.38701751999903,unknown,1000.0046248720028,sat,37.892634736024775,unknown,1000.0049842810258
221,08300e286c3380f7e7291ca6a534c97b,comb3.shuffled.cnf,unsat,19.57160529900284,unknown,1000.004294504004,unsat,13.136652630986646,unknown,1000.0044530810555
222,083030713683d8ab8e1d54372f241863,Kakuro-easy-089-ext.xml.hg_4.cnf,unknown,59.739405814994825,unknown,11.553645406966098,unknown,36.768065526965074,unknown,10.788353138952516
223,0831000a5a9727aa5fa3332df10cdb57,edn_20403_12.cnf_0.08000000.unsat.cnf,unsat,0.3626476290082792,unknown,1000.0048320710192,unsat,0.163597407983616,unknown,1000.0053604519926
224,0842eb01dc00232edc0b26ccb2f19f25,6-4-6-sc2018.cnf,unknown,1000.005790657,unknown,1000.004329323012,unknown,1000.0047694409732,unknown,1000.0047633380163
225,08469bbccc41da0c124d69c61ce7dc58,barman-pfile07-027.sas.cr.37.cnf,unsat,444.89504761800345,unknown,1000.0058619469636,unknown,1000.0068344100146,unknown,1000.0063722679624
226,084f6e6da7f9c5125d6f28a044b6225c,ccp-s8-facto3.cnf,unknown,1000.0059782099996,unknown,1000.004744684964,unknown,1000.0062335300026,unknown,1000.0045326799154
227,0850db65220080c130d2f54005f9e2b3,dspam_dump_vc972.cnf,unsat,3.4307040519925067,unknown,1000.0051846069982,unsat,3.074074137024581,unknown,1000.0058530120878
228,08530caa5c9232f2ffc5163cf79b38e7,satcoin-genesis-SAT-64.cnf,sat,102.052212235998,unknown,1000.0055441089788,sat,96.98087055399084,unknown,1000.0063570369966
229,0855033e761d91ae367e867c5a569f9e,atco_enc1_opt2_10_15.cnf,unsat,220.491928315998,unknown,1000.004669026006,unsat,278.4738442399539,unknown,1000.0048542720033
230,085792654d945c1de700245916f2c7f6,tseitingrid5x185_shuffled.cnf,unknown,1000.0066291149996,unknown,1000.0042540680151,unknown,1000.0089936269214,unknown,1000.0049404860474
231,0876c518e5653369e20fb1ee0bb8db40,mp1-klieber2017s-0500-023-t12.cnf,sat,232.9054072620056,unknown,1000.0045694400324,sat,274.7392674069852,unknown,1000.0059641139815
232,088ffd086f2d5e55553d5e79aa30aaf5,4col280_9_9.shuffled.cnf,unknown,1000.00518285601,unknown,1000.0042759479838,unknown,1000.005149352015,unknown,1000.0044948490104
233,089456508f74be2d96f4112cc495f80a,Eternity-10-06_c18.cnf,sat,331.9574588090036,unknown,1000.0044356000144,sat,988.2544818610186,unknown,1000.0052413829835
234,08a25022c4136f2ceb36db62ce3503bb,c6bi_i.cnf,unsat,33.417237475005095,unknown,1000.0049285200076,unsat,34.5561173009919,unknown,1000.0058631609427
235,08a68ba9d062c0856f1bc9cce7907b11,sgi-difficult4.cnf,sat,0.0405786539922701,sat,0.0116792969638481,sat,0.0099587029544636,sat,0.012842793017625809
236,08abbb56b2345b2da7af8866a4e8ad44,size_4_5_5_i037_w31_r9.cnf,unknown,1000.0046046630014,unknown,1000.003994097002,unknown,1000.0047576429788,unknown,1000.0042498420225
237,08acbb7417346eb7dc0c860817be0cc3,MD5-28-3.cnf,unknown,1000.007612068992,unknown,1000.0043276729994,unknown,1000.0062076459872,unknown,1000.0047527779825
238,08b6f45c900d30fb65462a65df69e214,transport-transport-city-sequential-25nodes-1000size-3degree-100mindistance-3trucks-10packages-2008seed.060-SAT.cnf,unknown,1000.006622208006,unknown,1000.0063858769718,unknown,1000.0061876700491,unknown,1000.0066911340691
239,08be288536c3178e6874a5676493923c,g2-hwmcc15deep-bob12s02-k16.cnf,unknown,1000.0079191480036,unknown,1000.005476180988,unknown,1000.0065814850386,unknown,1000.005368403974
240,08c21a3bc091abcb67b883061e2381c9,mm-2x3-8-8-sb.1.shuffled-as.sat03-1504.cnf,unknown,1000.0049075620044,unknown,1000.0050337109716,unknown,1000.0054123980226,unknown,1000.0053448510589
241,08cb0cf252b65c30c7c55218825c6ca0,hsat_vc12072.cnf,unsat,2.8707925700000487,unknown,1000.004934784025,unsat,23.651408835081384,unknown,1000.0055314910132
242,08cf53ca00dce11f5bfc02121c9bcd33,GreenTao_2-3-5_528.cnf,unsat,337.3503480579966,unknown,1000.004336536047,unsat,280.8778818299761,unknown,1000.0046205390245
243,08e151e72fe10402a49463171aa557e8,abw-V-nos6.mtx-w220.cnf,unknown,942.9392333400028,unknown,1000.0093257959816,unknown,1000.0112266180804,unknown,1000.0089423570316
244,08e1c46acda38a12fa3229f9f224425d,Haystacks-ext-12_c18.cnf,unknown,1000.0057924199936,unknown,1000.0043429129872,unknown,1000.0055715349736,unknown,1000.0047384710051
245,08e8e08679a3c2ccb537d682165cb351,by-X-2-7-100.cnf,unknown,1000.005507121008,unknown,1000.005663316988,unknown,1000.0062258699908,unknown,1000.0059879469918
246,08eeb55c898dc6bedc915ed191dab009,total-10-11-u.cnf,unsat,34.48440704999666,unknown,1000.0051198739676,unsat,74.58270764595363,unknown,1000.0059005300282
247,08f2462515d5c1ffd0881dd5801f54bd,SGI_30_70_28_60_5-dir.shuffled-as.sat03-177.cnf,unknown,1000.0047997259971,unknown,1000.0044233590016,unknown,1000.005496313097,unknown,1000.005162514979
248,08fd5d81bf1af056edf0f4d1778f0834,AProVE09-03.cnf,sat,0.586630966005032,unknown,1000.0047073459718,sat,0.6312175249913707,sat,33.55281443998683
249,0900255c001ced2b14a6cadc0403967e,mrpp_8x8#24_14.cnf,sat,65.49747491300514,unknown,1000.005130628997,sat,36.00918165198527,unknown,1000.0049083438935
250,090f37bba39891c7cf3bed2ace26ca92,rbsat-v945c61409gyes2.cnf,sat,30.49885049999284,sat,39.37509794201469,unknown,1000.0046166590182,sat,5.792541121947579
251,0928111a3d5d5ce05dffb83cb5982eba,Steiner-9-5-bce.cnf,unsat,0.0048549500061199,unknown,1000.0041484449756,unsat,0.0054042669944465,unknown,1000.0042776271002
252,0949ba00fc83c074bb2db981a543756f,blocks-blocks-36-0.160-NOTKNOWN.cnf,unknown,1000.0113272529998,unknown,1000.008760324039,unknown,1000.0069608959602,unknown,1000.0082641739864
253,0951acc41424bb9c0847f6077acf20c4,eqbpdtlf18sparcl18.cnf,unknown,1000.0050351559912,unknown,1000.0042845260468,unknown,1000.005252663046,unknown,1000.0044494130416
254,095c4cfbf18326c010e9e5d8ae652970,fdmus_b15_296.cnf,unsat,0.7275567470060196,unknown,1000.0043748699828,unsat,0.5824830719502643,unknown,1000.0044819279574
255,095e78b37897df838f5137b24aa59ed6,marg3x5.shuffled-as.sat03-1452.cnf,unsat,13.783897682995304,unknown,1000.0041512689786,unsat,17.15144897508435,unknown,1000.0045781980734
256,09637d3bd641b4d733666a862e8918ea,mrpp_8x8#20_14.cnf,sat,17.028902931022458,unknown,1000.0045636189752,sat,46.68189560703468,unknown,1000.0051622160245
257,096e485489025895cdc59887baafa08b,test_v7_r17_vr5_c1_s25451.smt2-cvc4.cnf,unknown,1000.006148636021,unknown,1000.00637774996,unknown,1000.0082240180344,unknown,1000.0064955869457
258,096f0ffbc2aa6f0e1fc7876a99e99bc5,phnf-size10-exclusive-equilarge_l2.used-as.sat04-894.sat05-4188.reshuffled-07.cnf,unknown,1000.005046946986,unknown,1000.0057867440046,unknown,1000.0060068169842,unknown,1000.0059329150245
259,0973e4a7d566ff12e7316cf0304ac1f4,genurq25Sat.shuffled-as.sat03-1507.cnf,sat,45.578297479019966,sat,0.0439705459866672,sat,92.44750652601942,sat,0.13033999502658844
260,0995a4bc27c94bca1d53bf83de369fd0,T93.2.0.cnf,unknown,36.487084984983085,unknown,6.670165149029344,unknown,29.21758123394102,unknown,6.90877715498209
261,09991a55c8e3c8ec7966a0105a76d6e1,manol-pipe-c10nidw.cnf,unknown,1000.0063549189944,unknown,1000.0056099430076,unknown,1000.00614725193,unknown,1000.0060468590818
262,099a345f923579d745e491b29c7da949,fclqcolor-14-09-12.shuffled-as.sat05-1284.cnf,unknown,1000.0064152039996,unknown,1000.0042030350304,unknown,1000.006330361939,unknown,1000.0048390579177
263,09a58f93975cf27590153ceb26fb1ad6,Schur_161_5_d43.cnf,unknown,1000.0049108790116,unknown,1000.0043125140364,unknown,1000.0052093269768,unknown,1000.0046529939864
264,09acbe0cb8dad715ae4ff3cbade44d76,Mat323.shuffled.cnf,unknown,1000.0059691900096,unknown,1000.0049327019952,unknown,1000.0074350859504,unknown,1000.0049090769608
265,09d8544494e54bc756438e69567b4ba7,mp1-klieber2017s-0300-034-t12.cnf,sat,573.4604581790045,unknown,1000.0044551550528,unknown,1000.0047526620328,unknown,1000.0051088359905
266,09dcc6149a23787a3aa96af8825bda60,test_v7_r7_vr10_c1_s32506.smt2-cvc4.cnf,sat,123.04255493101664,unknown,1000.0059955529867,sat,103.3602448119782,unknown,1000.0062308009947
267,09df54b3d75b42dbd0020c6b60a68fc6,shuffling-1-s1931574585-of-bench-sat04-328.used-as.sat04-449.cnf,unknown,1000.004821052018,unknown,1000.0047088610008,unknown,1000.0051820490044,unknown,1000.0048636209685
268,09e6779ba720bc9c22bae55653614d53,crafted_n11_d6_c3_num4.cnf,unknown,1000.0058730200108,unknown,1000.006506477017,unknown,1000.0090707050404,unknown,1000.0068329109345
269,09ea7a837fa92ee285890f2187fcff0a,countbitsarray32_32.cnf,unknown,1000.006311639998,unknown,1000.0050404769718,unknown,1000.008404794964,unknown,1000.0051517720567
270,09ed4d881b6dd70d30f59217573369f1,modgen-n200-m90860q08c40-21438.cnf,unsat,0.0480478040117304,unknown,1000.0044060429792,unsat,0.016478989040479,unknown,1000.0044614899671
271,09f3078602566bbeb02821503e5d2554,modgen-n200-m90860q08c40-14424.cnf,unsat,29.928377386007924,unknown,1000.0043361209682,unsat,25.64113996794913,unknown,1000.0046207809355
272,09f4f1e3047315b5ef2690fffb7ccf7a,ssAES_4-4-4_round_7-10_faultAt_7_fault_injections_2_seed_1564286498.cnf,unknown,1000.004944431974,unknown,1000.0045040190452,unknown,1000.0057707619852,unknown,1000.0047389320098
273,09fb57fff97fc30b723f91d1c80965a6,E03N17.cnf,unsat,2.6932587480114307,unknown,1000.0043546789676,unsat,2.7573897150577977,unknown,1000.0054221369792
274,0a015b7f4b4ec96e881f2f5f5e55265c,strips-gripper-18t35.shuffled-as.sat05-1147.cnf,sat,203.35763986301023,unknown,1000.0052332160412,sat,73.38180169300176,unknown,1000.0054543360602
275,0a034addb32ccb4363177fd5d0ba947e,VanDerWaerden_2-3-19_349.cnf,unknown,1000.0048113570084,unknown,1000.0042462229612,unknown,1000.004943054053,unknown,1000.0046341519337
276,0a1043b4f34db8a3de2aef9e4a82a34b,instance_n3_i3_pp.cnf,sat,0.0887449610163457,sat,0.0092333940556272,sat,0.0075243329629302,sat,0.07996535394340754
277,0a11a3dcc342fba24aeda274ad56d478,crafted_n11_d6_c4_num19.cnf,unknown,1000.0068627939908,unknown,5.065261034993455,unknown,1000.007578519988,unknown,1000.0093212710926
278,0a27d1f7ff9fae1edf7f460f4fe70886,phnf-size10-exclusive-equilarge_l1.used-as.sat04-893.sat05-4187.reshuffled-07.cnf,unknown,1000.0055904199836,unknown,1000.0053404050414,unknown,1000.005594835966,unknown,1000.0057696430013
279,0a3eb47ad5266860241a8ff5d37f62bd,k2fix_gr_2pin_w9.shuffled-as.sat03-438.cnf,unsat,276.5717683190014,unknown,1000.0046230340376,unsat,438.3052902750205,unknown,1000.0056568789296
280,0a4b9ce30540d2103d65e44994d206a5,pyhala-braun-sat-40-4-03.shuffled-as.sat03-1541.cnf,sat,104.56167532198016,unknown,1000.00437896495,sat,375.3876336939866,unknown,1000.0046541590709
281,0a501c751f0483da0e9266753659ed6c,ctl_4291_567_5_unsat_pre.cnf,unknown,1000.004864994,unknown,1000.0045540220452,unknown,1000.0050690800416,unknown,1000.0049384939484
282,0a5ae0d5af40b6d41f8be446811aa796,mp1-blockpuzzle_8x8_s1_free4.cnf,unknown,1000.0052296170034,unknown,1000.0050657760004,unknown,1000.005035254988,unknown,1000.0048351879232
283,0a5afa615f6f27d7ec4d43d3c655a8af,cnt07.shuffled.cnf,sat,0.1334414489974733,unknown,1000.004208258004,sat,0.0570645389379933,unknown,1000.0047953879694
284,0a60caf64b5ae6fdebacc9521c5ee731,udiv48prop.cnf,unknown,1000.004656361998,unknown,1000.0045803539688,unknown,1000.0056243619184,unknown,1000.0051109469496
285,0a6722970ab81da486ca8c79b85f6c59,hwb-n20-03-S1899964371.shuffled-as.sat03-1609.cnf,unsat,9.550059440982295,unknown,1000.0045481009874,unsat,7.791098763002083,unknown,1000.0049561000196
286,0a7141f90e7beb369505bda957d830aa,Urquhart-s5-b7.shuffled.cnf,unknown,1000.0048708550166,unknown,1000.0041008919944,unknown,1000.0059042969953,unknown,1000.0045670309337
287,0a7555a2a68abdd45b80a8db1a919a6a,ferry10_v01a.renamed-as.sat05-3993.cnf,sat,0.048515786009375,unknown,1000.0042621180182,sat,0.0152378629427403,sat,0.041313863010145724
288,0a7c533c247dac95d79cc0ff3cd0fb9f,rphp4_100_shuffled.cnf,unknown,1000.00511094401,unknown,1000.0042693049764,unknown,1000.0050132080214,unknown,1000.00459920906
289,0a7f0ceb23af7028dc9a46f3da3bb027,maxor032.cnf,unsat,11.134524686000075,unknown,1000.0045977819829,unsat,18.680610810988583,unknown,1000.0047212970676
290,0a819f7ad46f70de5a184784da303f5e,VanDerWaerden_pd_2-3-21_399.cnf,sat,90.1760721610044,sat,33.82259920198703,sat,251.9910923850257,sat,14.539887027000077
291,0a81c16b871ab1a63046cc99041f4e47,a_rphp045_05.cnf,unknown,1000.0049897580176,unknown,1000.004196129972,unknown,1000.0056199440731,unknown,1000.0045632460387
292,0a910e1ca5b222324dc3ac8f03d6414d,62bits_11.dimacs.cnf,unknown,1000.005169201002,unknown,1000.0043996460154,unknown,1000.0046865789918,unknown,1000.0046600910136
293,0a919af45246c91929e92c301d6d9529,5col180_15_2.shuffled.cnf,unknown,1000.004666564986,unknown,1000.0043675510096,unknown,1000.0051247960656,unknown,1000.004611602053
294,0aab775f1790819177fb1851d9316efd,pb_300_04_lb_06.cnf,unsat,724.9069391720113,unknown,1000.0047165399884,unknown,1000.0056224550352,unknown,1000.0059625559952
295,0ab9ff4d0e75a279522d77671cdcb09c,rbsat-v2100c215164gyes4.cnf,unknown,1000.0051186549828,unknown,1000.0043129730038,unknown,1000.0046987909592,unknown,1000.0048692589626
296,0ac5ff376b826f68d384ba05a1d00de0,sokoban-p20.sas.cr.33.cnf,unknown,1000.0050705570028,unknown,1000.005265382002,unknown,1000.0127713429974,unknown,1000.0056421019835
297,0acb650946685281a796dcada88f8cfd,SGI_30_60_25_40_2-dir.shuffled-as.sat03-120.cnf,unknown,1000.0050281980076,unknown,1000.0044272820232,unknown,1000.0051293999422,unknown,1000.0047519330401
298,0acbab472c9386683c07f7a3ec214be3,9pipe_k.cnf,unknown,1000.0053381070028,unknown,1000.0053320989828,unknown,1000.0056737220148,unknown,1000.0056378979934
299,0acbeae513e3d822dbf5e5fc72a03455,sokoban-p20.sas.cr.39.cnf,unknown,1000.0056979839864,unknown,1000.0056177710068,unknown,1000.01008248399,unknown,1000.0057105720043
