,c,v,clauses_vars_ratio,vars_clauses_ratio,vcg_var_mean,vcg_var_coeff,vcg_var_min,vcg_var_max,vcg_var_entropy,vcg_clause_mean,vcg_clause_coeff,vcg_clause_min,vcg_clause_max,vcg_clause_entropy,vg_mean,vg_coeff,vg_min,vg_max,pnc_ratio_mean,pnc_ratio_coeff,pnc_ratio_min,pnc_ratio_max,pnc_ratio_entropy,pnv_ratio_mean,pnv_ratio_coeff,pnv_ratio_min,pnv_ratio_max,pnv_ratio_entropy,pnv_ratio_stdev,binary_ratio,ternary_ratio,ternary+,hc_fraction,hc_var_mean,hc_var_coeff,hc_var_min,hc_var_max,hc_var_entropy,result(z3+''),time(z3+''),result(z3+'sat.local_search=true'),time(z3+'sat.local_search=true'),result(z3+'sat.lookahead_simplify=true'),time(z3+'sat.lookahead_simplify=true'),result(z3+'sat.ddfw_search=true'),time(z3+'sat.ddfw_search=true'),select
1,2520,1080,2.333333333333333,0.4285714285714285,0.0019841269841269,0.0,0.0019841269841269,0.0019841269841269,0.0,0.0019841269841269,0.1632993161855452,0.0018518518518518,0.0027777777777777,0.410116318288409,0.0023809523809523,0.0,0.0023809523809523,0.0023809523809523,0.5076719576719577,0.9370586265380104,0.0,1.0,0.9568009659990624,0.6,9.247272719042244e-17,0.6,0.6000000000000001,0.0,5.548363631425347e-17,0.8571428571428571,0.1428571428571428,1.0,0.7182539682539683,0.0013907260435038,0.3144916218317923,0.0,0.0019841269841269,1.3867756560687567,unsat,0.0905419949999668,unknown,1000.0043411500228,unsat,0.1185125310439616,unknown,1000.0045214419952,z3+''
2,49835,790,63.08227848101266,0.0158523126316845,0.0036309695412583,0.6550404836868335,0.000682251429718,0.0060198655563359,1.0781037574810508,0.0036309695412583,0.1807926399716142,0.0025316455696202,0.0253164556962025,0.4137914570188561,0.0031089938569431,0.8237399551901998,0.0010434433630982,0.006381057489716,0.4954282465469382,0.657268049472086,0.0,1.0,0.8337696960063816,0.9430627947381484,0.0515641322091452,0.8666666666666667,0.9933333333333334,1.0781037574810508,0.0486282146294038,0.1414668405738938,0.857830841777867,0.9992976823517608,0.4978228152904585,0.0017558195208745,0.8680331099041534,0.0001203973111267,0.0051369519414066,4.579793677508002,sat,0.2491453399998136,sat,0.0631897959974594,sat,7.827164101006929,sat,6.523122505983338,z3+'sat.local_search=true'
6,32000,60,533.3333333333334,0.001875,0.128,0.0,0.128,0.128,0.0,0.128,0.2185639089412216,0.0833333333333333,0.25,0.9192724956637776,0.001375,0.0,0.001375,0.001375,0.3054634851259851,0.6985686153854661,0.0666666666666666,1.0,1.9470647072238216,0.046875,0.0,0.046875,0.046875,0.0,0.0,0.0,0.0,0.0,0.04321875,0.0051640625,0.4792476255718629,0.00121875,0.0125625,3.9557151261101113,unsat,2.5865538279995235,unknown,1000.0045374119944,unsat,3.0426014219992794,unknown,1000.00444082194,z3+''
7,179895,28902,6.224309736350426,0.1606603852247144,0.00011665090491,5.060687039628672,2.779399093915896e-05,0.0399121709886322,1.9793366490526172,0.00011665090491,0.4789701139295981,6.919936336585703e-05,0.0169538440246349,1.0537894641362722,0.000108335210548,3.7180851580620287,2.2235192751327164e-05,0.0101892770782956,0.5024386447650018,0.7283903035778903,0.0,1.0,1.268031563821054,0.161335013382068,0.3973268492700856,0.0,0.3333333333333332,1.961759028395765,0.0641027325440441,0.2299230106450985,0.4707412657383473,0.7006642763834459,0.2679173962589288,3.0304893656692134e-05,4.758453738390139,5.558798187831791e-06,0.0089385474860335,1.4119461493686158,unsat,19.80052673099999,unknown,1000.0050121120004,unsat,31.756793717038818,unknown,1000.0054894490167,z3+''
8,154654,17850,8.664089635854342,0.1154189351714149,0.0001869578640876,0.819486418340118,3.879628072988736e-05,0.000782391661386,3.6815638543907534,0.0001869578640876,0.239297745481302,0.0001120448179271,0.0002240896358543,1.0031813181246718,0.0003082511212614,0.8129124935330001,6.46604678831456e-05,0.0011703544686849,0.1301011720787478,1.850138889849389,0.0,1.0,0.7371932287105525,0.0809489859372192,0.9234335282897403,0.0,0.4285714285714286,2.631318957615467,0.0747510076954829,0.207120410723292,0.2485613045896,0.455681715312892,0.3077902931705614,4.144754103485511e-05,0.6859157760733046,1.293209357662912e-05,0.0004396911816053,2.0886803059501347,unsat,897.6799474550007,unknown,1000.0045061790152,unknown,1000.0044968069996,unknown,1000.0049148659456,z3+''
10,101038,6076,16.629032258064516,0.0601357904946653,0.000396130104994,0.9343612420253248,7.917813100021775e-05,0.0014944872226291,1.3220728569602982,0.000396130104994,0.6919643613169646,0.0003291639236339,0.0080645161290322,0.3271683611058537,0.0003534281895856,0.7154924912409918,0.0001187671965003,0.0010194184366278,0.7868227795482887,0.4997356653801132,0.0,1.0,0.7728795046264516,0.641550486055584,0.4358822352788773,0.0,0.9285714285714286,1.2496578791492676,0.2796404599061581,0.9165858389912708,0.0024248302618816,0.9190106692531524,0.9194956353055286,0.0003036225910532,0.7558447833151246,5.9383598250163307e-05,0.0005740414497515,1.4077436193786828,sat,22.493763336000484,unknown,1000.0046941010224,sat,25.790801169001497,unknown,1000.0048954410012,z3+''
11,229514,58277,3.938329014877224,0.2539147938687836,3.6876872012166174e-05,1.2876997051083656,3.491559155740996e-06,0.0006913287128367,2.637164228092108,3.6876872012166174e-05,0.5242889228682359,1.431864717421498e-05,0.0001718237660905,0.9918371888230946,3.55731179540695e-05,1.365614622218727,3.491559155740996e-06,0.0006878371536809,0.2715197875298083,1.3852294963404503,0.0,1.0,1.2775893244437664,0.2221616015507749,0.8903369100966647,0.0,1.0,2.335646069065653,0.1977986738668433,0.6947259998952532,0.2080166198215813,0.9027426197168346,0.7799619420052024,2.5483497383673747e-05,1.0452339020385748,3.491559155740996e-06,0.000349155915574,2.4498329382584023,sat,3.29439339199962,unknown,1000.0048752820004,sat,5.3367631289875135,unknown,1000.0051947989268,z3+''
12,42912,14685,2.922165474974464,0.3422119686800894,0.0001586935492285,1.688311659191232,2.3279634975323588e-05,0.003096191451718,0.5704351756478007,0.0001586935492285,0.2020688029529217,6.80133306128001e-05,0.0002040399918384,0.6369955095270564,0.0001342371333606,1.9951361189358765,4.6559269950647176e-05,0.0030729118167427,0.7860523946984511,0.4777626353924398,0.0,1.0,0.7436940014630429,0.187392292311576,0.2340823746641617,0.0,1.0,0.4739268615783968,0.0438652327780544,0.6666356271533662,0.3333178135766831,0.9999534407300492,0.6770881832572865,9.280662477580031e-05,1.468964461274226,2.3279634975323588e-05,0.001583015178322,0.5595070998102765,unsat,7.159005199999228,unknown,1000.0046729869792,unsat,4.798188941960689,unknown,1000.00471524999,z3+'sat.lookahead_simplify=true'
13,3875,249,15.562248995983936,0.064258064516129,0.0018857119963514,1.8849451027551267,0.0,0.0286410131514856,1.4513610193435835,0.0018857119963514,0.3464007028091521,0.0006184291898577,0.0086580086580086,0.6682035689558061,0.007047203557083,0.7455357498172532,9.74184120798831e-05,0.029128105211885,0.4939911898460364,0.6490688950933163,0.0,1.0,0.9945708192506792,0.2351162563436457,1.513719940637671,0.0,1.0,1.291947395272801,0.3559001655954548,0.109108621529469,0.8355577204091573,0.9446663419386264,0.5218704335119337,0.0009168898042323,2.1342554639025946,0.0,0.0144179249878226,1.7537070953754856,sat,0.0107014999994135,sat,0.0114373489923309,sat,0.0107961880275979,sat,0.3483895440585911,z3+''
14,774,162,4.777777777777778,0.2093023255813953,0.0207994385427632,0.5333300890193267,0.0064599483204134,0.0645994832041343,1.8765135709234504,0.0207994385427632,0.1568959183045372,0.0123456790123456,0.0246913580246913,0.7686423410912894,0.0098733531119405,0.5699473219395993,0.0051679586563307,0.0478036175710594,0.4319552110249784,0.758231059593675,0.0,1.0,1.2912222701753753,0.0049382716049382,5.0990195135927845,0.0,0.1999999999999999,0.2244632985151796,0.0251803432770014,0.0232558139534883,0.5839793281653747,0.6072351421188631,0.4121447028423772,0.0081586754713369,0.5887128729055823,0.0012919896640826,0.0361757105943152,2.473272476759371,unsat,262.111348204,unknown,1000.0043439330184,unsat,700.489784653997,unknown,1000.0041804179782,z3+''
15,386925,279446,1.3846145588056369,0.7222226529689216,8.349632630252955e-06,0.4232411102946056,5.1688668810023465e-06,1.809103408350821e-05,1.311465334856749,8.349632630252957e-06,0.2020326347328462,3.57841926907208e-06,1.073525780721624e-05,0.6365483590280306,1.1132855837919173e-05,0.2934223002104716,5.1688668810023465e-06,1.809103408350821e-05,0.6666614977997857,0.6455038973493706,0.0,1.0,0.9338312337475536,0.1802197081270843,0.8497111136248483,0.0,0.5,1.118998153079177,0.1531346888898099,0.6666649437110397,0.3333324718555198,0.9999974155665596,0.7222199249480529,5.367591910862428e-06,0.6666648955849316,0.0,1.550660064300704e-05,1.1193140381962905,sat,79.38259417500012,sat,37.60644651998882,sat,92.55537819099844,unknown,1000.0057321309578,z3+'sat.local_search=true'
16,672,280,2.4,0.4166666666666667,0.0089285714285714,0.0,0.0089285714285714,0.0089285714285714,0.0,0.0089285714285714,0.447213595499958,0.0071428571428571,0.0178571428571428,0.4505612088663046,0.0178571428571428,0.0,0.0178571428571428,0.0178571428571428,0.4785714285714286,0.9811848424012906,0.0,1.0,1.1165693317176673,0.3333333333333333,1.6652920533719444e-16,0.3333333333333332,0.3333333333333333,0.0,5.5509735112398134e-17,0.8333333333333334,0.0,0.8333333333333334,0.6607142857142857,0.0050701530612244,0.3417319388970146,0.0,0.0089285714285714,1.3775124450464409,unknown,1000.0045909010004,unknown,1000.004140762001,unknown,1000.0053413690184,sat,398.7786173019558,z3+'sat.ddfw_search=true'
17,16661,5600,2.9751785714285712,0.3361142788548106,0.0004193925934817,0.3289209295406051,0.0002400816277534,0.0019206530220274,1.350624042643377,0.0004193925934817,0.3012357549002586,0.0003571428571428,0.0125,0.6446044139506714,0.0004051163109743,1.1202181983977566,0.000180061220815,0.0042614488926234,0.4965705482721268,0.8833125852329229,0.0,1.0,1.0819907818418506,0.1543811720492392,0.2758877522477775,0.0,0.1999999999999999,1.3300461299359445,0.042591874546042,0.6554228437668808,0.3445171358261809,0.9999399795930616,0.6640657823660044,0.0002682912190144,0.3717446949723185,6.002040693835904e-05,0.0012004081387671,1.8013699947881845,unsat,660.5402397449998,unknown,1000.0044296899868,unsat,104.4376493570162,unknown,1000.0043179070344,z3+'sat.lookahead_simplify=true'
18,108080,784,137.85714285714286,0.0072538860103626,0.0033424315321983,0.0045207566446559,0.0032846039970392,0.0033493708364174,0.6849216809052028,0.0033424315321983,0.2886848332833825,0.0025510204081632,0.0357142857142857,0.6740270996430109,0.001866672834937,0.0751199235005089,0.001461880088823,0.0019152479644707,0.5012852032004511,0.769223598896919,0.0,1.0,1.0479324660596838,0.5250664118136761,0.0032074634894195,0.5195530726256983,0.5294117647058824,0.0177805746009777,0.0016841313454129,0.3924870466321243,0.6069948186528498,0.999481865284974,0.590321983715766,0.0018890367490445,0.2438168360273607,0.0011935603256846,0.0025629163582531,4.255115793297824,sat,310.47403178199966,sat,402.3974576200126,sat,150.03099047904834,sat,305.2411577759776,z3+'sat.lookahead_simplify=true'
19,140,34,4.117647058823529,0.2428571428571428,0.0917613636363636,0.0221096855372843,0.0909090909090909,0.096590909090909,0.4227090878059908,0.0917613636363636,0.2201192668464822,0.025,0.1,0.4985493563967511,0.0625,0.0,0.0625,0.0625,0.3948863636363636,0.9215094405845694,0.0,1.0,1.0405493005948254,0.2448529411764706,0.1009920223471485,0.1764705882352941,0.2941176470588236,0.5181862130502128,0.0247281937070591,0.1136363636363636,0.0,0.1136363636363636,0.3977272727272727,0.0329545454545454,0.3387393569722156,0.0170454545454545,0.0511363636363636,1.834371970281624,unsat,0.0040921189993241,unknown,1000.004138142016,unsat,0.0044894480379298,unknown,1000.0043725949944,z3+''
20,5063,692,7.316473988439307,0.1366778589768911,0.002704413372461,1.4540656255048248,0.0015535991714137,0.0169169687553944,0.3664102192213869,0.002704413372461,0.9338807577200984,0.0012722646310432,0.0839694656488549,0.0389992038403104,0.008057895617638,0.6963941819125841,0.0063870188158121,0.0277921629552908,0.5026965669119994,0.994584751741636,0.0,1.0,0.6946805439010006,0.7133387990598364,0.2983763542538331,0.0,0.7777777777777778,0.3414171840100946,0.2128434302112816,0.9943034697048162,0.0,0.9943034697048162,0.9956844467460728,0.0025317912423039,1.553206463607426,0.0013809770412566,0.0167443466252373,0.3664102192213869,unsat,468.4828754680002,unknown,1000.0044838399916,unsat,536.4382054749876,unknown,1000.004455621005,z3+''
21,480,114,4.2105263157894735,0.2375,0.0311046511627906,0.0135791244347061,0.0310077519379844,0.0329457364341085,0.1985152433458726,0.0311046511627906,0.1891096599473668,0.0083333333333333,0.0333333333333333,0.4213535817748596,0.0213178294573643,0.0,0.0213178294573643,0.0213178294573643,0.3856589147286822,0.9533578497166864,0.0,1.0,1.0415358716549823,0.2482843137254902,0.0583264412506315,0.1764705882352941,0.2941176470588235,0.2303409517606132,0.0144815404379631,0.1162790697674418,0.0,0.1162790697674418,0.3527131782945736,0.0099806201550387,0.3715204717923622,0.003875968992248,0.0193798449612403,2.015097526487435,unsat,0.0082229939998796,unknown,1000.0043669270236,unsat,0.0096419850015081,unknown,1000.0043657909846,z3+''
24,15484,2351,6.586133560187155,0.1518341513820718,0.0029125461934624,1.139354803613077,0.0007499062617172,0.0117485314335708,2.5364342963845448,0.0029125461934624,0.4137781127380491,0.0004154549231408,0.0054009140008309,2.126797154567037,0.0032056130083864,1.3117620298631232,0.0007499062617172,0.016747906511686,0.3244153824206318,0.8160797218044016,0.0,1.0,2.4855315884720137,0.6150450577851301,0.238068106049028,0.0,1.0,2.088540460710211,0.1464226120417209,0.0271216097987751,0.1382327209098862,0.1653543307086614,0.1325459317585302,0.0002227338948647,2.1668856815982758,0.0,0.0033120859892513,1.84275201885304,unsat,148.83235892300036,unknown,1000.004494517023,unsat,172.6079638430383,unknown,1000.004455807968,z3+''
25,1008,432,2.333333333333333,0.4285714285714285,0.0049603174603174,0.0,0.0049603174603174,0.0049603174603174,0.0,0.0049603174603174,0.1632993161855452,0.0046296296296296,0.0069444444444444,0.410116318288409,0.0059523809523809,0.0,0.0059523809523809,0.0059523809523809,0.5033068783068783,0.9458378529163736,0.0,1.0,0.9555585032861428,0.6,9.246998926058282e-17,0.6,0.6000000000000001,0.0,5.548199355634969e-17,0.8571428571428571,0.1428571428571428,1.0,0.7242063492063492,0.0035112617577895,0.2988523820341729,0.0,0.0049603174603174,1.3638093879921838,unsat,0.0365825839980971,unknown,1000.004109054018,unsat,0.0266469530179165,unknown,1000.0042665930232,z3+'sat.lookahead_simplify=true'
27,309978,139991,2.2142709174161195,0.4516159211298866,1.0606463425291788e-05,0.4851363504757774,5.128454976011652e-06,2.3078047392052432e-05,1.7119083568939222,1.0606463425291788e-05,0.2020323960806671,4.545640503475143e-06,1.3636921510425426e-05,0.636545741964686,1.0956133459123566e-05,0.3090609535903156,5.128454976011652e-06,2.0513819904046608e-05,0.6068389656590107,0.7239492237351396,0.0,1.0,1.007241320526124,0.1441586102404045,0.9482803471605368,0.0,0.3333333333333333,1.3017041664926692,0.1367027769649512,0.6666683761516586,0.3333290596208533,0.999997435772512,0.7179554901392632,6.760244581874508e-06,0.5430440791648498,0.0,1.794959241604078e-05,1.684964993229467,unsat,10.206601571000649,unknown,1000.0055219130008,unsat,11.139317925961222,unknown,1000.0057752899592,z3+''
30,36994,2601,14.222991157247211,0.0703086987078985,0.0021163808935845,0.788367940901076,0.0,0.0072173866032329,4.738783900729179,0.0021163808935845,0.2377462553427155,0.0007680491551459,0.0023041474654377,0.3713565935661196,0.00110139747092,0.760588587326242,2.703141049899984e-05,0.0036492404173649,0.3340451604764736,0.9199303031828522,0.0,1.0,1.241322780938608,0.1916242595823557,0.7558635398932586,0.0,1.0,2.258666197775765,0.144841791177344,0.1222360382764772,0.0,0.1222360382764772,0.1857328215386278,0.0002865703219029,0.7776106714707175,0.0,0.0011893820619559,3.244074989325701,sat,0.140570943000057,sat,93.5611178940162,sat,0.1570160660194233,unknown,1000.004649783019,z3+''
31,8734,2943,2.967720013591573,0.3369590107625372,0.0007921997123583,0.68209547985762,0.0001144426642252,0.0100709544518196,0.7939963463042853,0.0007921997123583,0.2022186967104859,0.0003395585738539,0.0010186757215619,0.6385159217416566,0.000621971001224,0.7646567857542362,0.0002288853284504,0.0084687571526665,0.6496147096971084,0.6743159200846662,0.0,1.0,0.9461503436654798,0.1587337815016661,0.2331055121929149,0.0,1.0,0.7814919682376629,0.0370017194392641,0.6665140764476997,0.3332570382238498,0.9997711146715496,0.7491416800183108,0.0005366564322411,0.918996176900078,0.0001144426642252,0.0084687571526665,1.4116391673622537,unsat,7.579226101999666,unknown,1000.0044730329828,unsat,7.159168098994996,unknown,1000.0046894659754,z3+'sat.lookahead_simplify=true'
32,77712,10158,7.6503248670998225,0.1307134033353922,0.0002737333359187,0.6318893604092598,0.0,0.0006809140973109,2.8109989880053097,0.0002737333359187,0.3681884036952879,9.224241306152569e-05,0.0004612120653076,1.214969219164168,0.000233590216199,0.433056764547522,7.16751681379986e-05,0.0003822675634026,0.5697502916781148,0.6419036393161829,0.0,1.0,1.4386666608383296,0.4320284421650502,0.7484664578011967,0.0,0.92,2.9820558206636854,0.3233587977766443,0.4267061676482183,0.3409109913870339,0.7676171590352522,0.8259607458995831,0.00019750505468,0.633973987072947,0.0,0.0004061592861153,2.555398747928523,sat,14.449174605000737,unknown,1000.004678996018,sat,15.20913572399877,unknown,1000.0048309210688,z3+''
34,7101,564,12.590425531914894,0.0794254330376003,0.0053543552451407,0.3951120049250538,0.0035206308970567,0.0119701450499929,1.4063164528116352,0.0053543552451407,0.0461964260046232,0.0053191489361702,0.0070921985815602,0.0974795578484166,0.0038502218746535,0.3602656194362924,0.002112378538234,0.0083086889170539,1.0,0.0,1.0,1.0,0.0,0.9400513229436224,0.0207379349481249,0.92,0.976470588235294,1.3840505743535694,0.0194947231831036,0.0,0.9801436417406,0.9801436417406,0.9801436417406,0.0052135300092585,0.4057845705753283,0.0033798056611744,0.0118293198141106,1.4063164528116352,unsat,110.93070822799928,unknown,1000.0042601210008,unsat,89.64306238503195,unknown,1000.0049114139985,z3+'sat.lookahead_simplify=true'
36,264,99,2.6666666666666665,0.375,0.0303030303030303,0.0,0.0303030303030303,0.0303030303030303,0.0,0.0303030303030303,0.0,0.0303030303030303,0.0303030303030303,0.0,0.0151515151515151,0.0,0.0151515151515151,0.0151515151515151,0.5,0.5773502691896258,0.3333333333333332,1.0,0.5623351446188083,0.0,0.0,0.0,0.0,0.0,0.0,0.0,1.0,1.0,0.5,0.0151515151515151,0.3623715376697393,0.0075757575757575,0.0227272727272727,1.0559485647054,unsat,24.069681503999163,unknown,1000.0041764600028,unsat,14.746311430993956,unknown,1000.0044874490704,z3+'sat.lookahead_simplify=true'
37,530383,178836,2.9657507436981367,0.3371827528408715,1.3047248720572005e-05,2.906598296800924,3.770838596795541e-06,0.0061558940092687,0.4673634144850713,1.3047248720572005e-05,0.2020320597617386,5.591684047484581e-06,1.6775052142453744e-05,0.6365397060073679,1.0663614512595213e-05,2.9437669621299865,3.770838596795541e-06,0.0049435694003989,0.2830246901941856,1.31131025787996,0.0,1.0,1.0116409148770606,0.191300060985045,0.1867426801567368,0.0,0.5,0.3767668908987999,0.0357238861024945,0.6666654097204677,0.3333327048602338,0.9999981145807016,0.7961051008133699,9.628197903424615e-06,2.975581078342885,1.8854192983977704e-06,0.0045664855407194,1.2928482538846382,unsat,12.562618486997962,unknown,1000.0053064440144,unsat,5.2792769389925525,unknown,1000.00521784008,z3+'sat.lookahead_simplify=true'
38,75393,3814,19.7674357629785,0.0505882508986245,0.0015366108370375,1.11840046606465,7.541933148304574e-06,0.0196165681187401,2.884764607140803,0.0015366108370375,0.2097229600853132,0.0002332089552238,0.001865671641791,1.3278561194587528,0.0001455464541944,0.839177292728252,2.262579944491372e-05,0.0013575479666948,0.3812876737517741,0.5575934044621744,0.0,1.0,2.0496831752198914,0.0249949450214486,4.859334088290548,0.0,1.0,0.8890085230530788,0.1214587883776733,0.000248883793894,0.0348286472788705,0.0350775310727645,0.173162785085073,0.0002200563022194,1.0690856510081097,7.541933148304574e-06,0.0027226378665379,2.7195926938263097,unknown,1000.0060126390016,unknown,1000.0048166240158,sat,603.1104376129806,unknown,1000.0051813480676,z3+'sat.lookahead_simplify=true'
39,14307,2372,6.031618887015177,0.1657929684769693,0.0010105337837246,0.5639927891527426,0.0,0.0024378352023403,2.8173953053507383,0.0010105337837246,0.2984112103334349,0.0003742514970059,0.0018712574850299,1.1245415577580915,0.0010471696467906,0.4313627961259682,0.000365675280351,0.0018893222818137,0.5945250284414108,0.6308593104024794,0.0,1.0,1.2783782367280965,0.4354973224653482,0.7138381137324568,0.0,0.9047619047619048,2.699252481195837,0.3108745872041996,0.4719648951730863,0.356655290102389,0.8286201852754754,0.8882252559726962,0.0008341739242139,0.6580722073085947,0.0,0.0019502681618722,2.506152056860227,unsat,25.83643321300042,unknown,1000.0041304379992,unsat,30.26089025300461,unknown,1000.004355289042,z3+''
40,404197,105357,3.836451303662785,0.2606575506498069,2.743606505221463e-05,2.818933922380129,0.0,0.0019538670284938,1.4356892074161505,2.743606505221463e-05,0.1056905869026853,9.456890763454792e-06,6.619823534418355e-05,0.3391945088993729,2.262184249900402e-05,2.657656334594969,4.934007647711854e-06,0.0014654002713704,0.3473836484637027,0.5135723550136436,0.0,1.0,0.4659294775283647,0.0131378898852593,2.855717013427985,0.0,1.0,0.6725923998347331,0.0375180956658786,0.0983446404341926,0.8993733810287406,0.9977180214629332,0.5468064635500185,1.456526821890332e-05,3.0606992372708794,0.0,0.0009868015295423,1.4161333883849017,unsat,237.2394179790026,unknown,1000.0054231940012,unsat,266.26456511195283,unknown,1000.0054903000128,z3+''
41,128330,38836,3.3044082809764137,0.3026260422348632,6.71262194127062e-05,0.7958744285041017,7.617364544214992e-06,0.0039153253757265,1.9050509025139368,6.71262194127062e-05,0.6107347883074398,2.528445006321113e-05,0.0129709228824273,0.6539781540214001,0.0001016535921224,4.382398374108905,1.5234729088429983e-05,0.0039153253757265,0.3038929598907012,1.0143964982240947,0.0,1.0,0.9717632398048552,0.0965562521353496,0.9756118855977628,0.0,1.0,1.1760864311817767,0.0942014272120215,0.3565078953983501,0.6432254968426024,0.9997333922409524,0.5843432689158206,3.572264699970356e-05,0.8410596960882136,7.617364544214992e-06,0.0039153253757265,1.4788833019050729,sat,2.675367355997878,unknown,1000.005457385996,sat,14.18111098895315,unknown,1000.0054344080854,z3+''
43,5207,1672,3.1142344497607657,0.3211062031880161,0.0014743678687964,0.3995788145433348,0.0007681966583445,0.0048012291146533,1.0803957907030688,0.0014743678687964,0.2530008610986203,0.0011961722488038,0.0023923444976076,0.8556325591066758,0.0012565896295288,0.9486826286934562,0.0005761474937584,0.007297868254273,0.1718840023045899,1.4979019481417988,0.0,1.0,0.8952501049124029,0.1774760916500098,0.662113611274841,0.0,0.7894736842105263,1.0776444911291014,0.1175093359573326,0.6049548684463223,0.3249471864797388,0.929902054926061,0.7729978874591895,0.0010297372969585,0.1672173339321848,0.0005761474937584,0.001536393316689,1.2112391500929278,sat,110.1257799010018,unknown,1000.0044401400082,sat,394.0371505710064,sat,9.740005054045469,z3+'sat.ddfw_search=true'
46,91139,14524,6.275061966400441,0.1593609760914646,0.0002324403873982,4.490772845412912,5.486125588386969e-05,0.0578018191992451,1.8462768395472613,0.0002324403873982,0.3717590949303084,0.0001377031120903,0.0111539520793169,1.0553448172105535,0.0001456610915654,2.8246157094181705,4.388900470709576e-05,0.0187515772611066,0.5017237406598711,0.729223652803861,0.0,1.0,1.268668314027404,0.1598565878064345,0.3935399832129186,0.0,0.3333333333333332,1.9252966644681175,0.0629099588818187,0.2302197741910708,0.4675495671446911,0.6977693413357619,0.26457389262555,5.972866254401528e-05,4.299791236533291,1.097225117677394e-05,0.0129911453933003,1.392386111456967,unsat,291.73721021200254,unknown,1000.0045391659952,unsat,358.12503800500417,unknown,1000.005275625037,z3+''
47,21659,3383,6.402305645876441,0.1561937300891084,0.0007077464880465,0.6115101262917049,0.0,0.0016446724360731,2.9166009298586646,0.0007077464880465,0.3086672671123728,0.0002568713074749,0.0012843565373747,1.178240205275154,0.0006842188665959,0.4274590316955612,0.0002349532051533,0.001213924893292,0.580043335813395,0.6532879467348143,0.0,1.0,1.334577115923537,0.4273913598545213,0.7440058594750094,0.0,0.9047619047619048,2.6827989559977308,0.3179816760207561,0.453929592356189,0.3311273837960606,0.7850569761522497,0.8544464894075263,0.0005512216646288,0.6659225178874086,0.0,0.0012922426283431,2.6533456788268577,unsat,0.0193550849980965,unknown,1000.0044399710024,unsat,0.0205014460370875,unknown,1000.0044082349632,z3+''
50,23811,7268,3.276141992294992,0.3052370753013313,0.0003505898151514,0.8205009648575537,0.0001233552631578,0.0086759868421052,1.1871781117235405,0.0003505898151514,0.1924678308109539,0.0001354462955438,0.0004063388866314,0.6940819881735011,0.0002162908031965,1.2477817624006176,4.111842105263158e-05,0.0043174342105263,0.5041940789473685,0.7719592289146816,0.0,1.0,1.0504320798405806,0.1046253804389729,0.7880011438008445,0.0,0.5,1.1018579701483584,0.0824449194565092,0.4055921052631579,0.59140625,0.996998355263158,0.6019736842105263,0.0002028352830471,0.8936840352440092,8.223684210526316e-05,0.0045230263157894,1.7986300241748967,sat,11.39220364499488,unknown,1000.004134390998,sat,11.371098695963155,unknown,1000.0057490899926,z3+'sat.lookahead_simplify=true'
52,376,45,8.355555555555556,0.1196808510638298,0.1271867612293144,0.4553941278955887,0.0319148936170212,0.2553191489361702,2.079621152564976,0.1271867612293144,0.1599809278167287,0.0666666666666666,0.1555555555555555,1.2654698860460287,0.0225768321513002,0.1731710513983375,0.0132978723404255,0.0292553191489361,0.2978723404255319,1.0161475677748064,0.0,1.0,1.8596943796529484,0.0,0.0,0.0,0.0,0.0,0.0,0.0,0.0212765957446808,0.0212765957446808,0.1994680851063829,0.0242316784869976,0.2864166602554083,0.0106382978723404,0.0345744680851063,2.0330169710817634,unsat,7.426183420997404,unknown,1000.0040587100084,unsat,10.908964632020798,unknown,1000.0044073070168,z3+''
53,1680,28,60.0,0.0166666666666666,0.4285714285714285,0.0,0.4285714285714285,0.4285714285714285,0.0,0.4285714285714285,0.0,0.4285714285714285,0.4285714285714285,0.0,0.0160714285714285,0.0,0.0160714285714285,0.0160714285714285,1.0,0.0,1.0,1.0,0.0,0.0,0.0,0.0,0.0,0.0,0.0,0.0,0.0,0.0,0.5,0.2142857142857142,0.0,0.2142857142857142,0.2142857142857142,0.0,sat,0.0054991760043776,sat,0.0078418439952656,sat,0.0067443000152707,sat,0.044181243982166,z3+''
57,61409,945,64.98306878306879,0.0153886238173557,0.0021311354926948,0.1440154475132241,0.0012701721246071,0.0032731358595645,4.281633290690033,0.0021311354926948,0.2552946963815335,0.0021164021164021,0.0222222222222222,0.0060222886199768,0.002114851234687,0.1451243598877434,0.0012538878665993,0.0032568516015567,1.0,0.0,1.0,1.0,0.0,0.984400459443287,0.0022825257498047,0.9743589743589745,0.9900497512437813,0.134266711008908,0.0022469193967989,0.9992672083896498,0.0,0.9992672083896498,0.9992672083896498,0.002114851234687,0.1451243598877434,0.0012538878665993,0.0032568516015567,4.281633290690033,unknown,1000.0047092430032,sat,43.906497949006734,unknown,1000.0046475440032,sat,68.63384905201383,z3+'sat.local_search=true'
58,87605,415,211.09638554216863,0.0047371725358141,0.0122396564171508,0.4638393555515503,4.85794557481641e-05,0.0438024759329279,3.7458197252052656,0.0122396564171508,0.0998396477419902,0.0020876826722338,0.0271398747390396,0.3447690063183667,0.0015430146824728,0.2919490457077769,5.667603170619145e-05,0.0022265583884575,0.350084744161694,0.7235409024923853,0.0,1.0,1.3207519423888447,0.4178688113428935,1.171254401159039,0.0,1.0,0.954680196328177,0.4894306843924601,0.0161850553400966,0.0,0.0161850553400966,0.2772510505307305,0.0032435998891225,1.0576329944632248,0.0,0.0433814539831105,4.079398389797159,sat,17.767508539996925,unknown,1000.0046789479966,sat,122.9514573859633,unknown,1000.0050722409504,z3+''
60,432,53,8.150943396226415,0.1226851851851851,0.1048218029350104,0.3218350163947015,0.037037037037037,0.1481481481481481,1.4683841110637053,0.1048218029350104,0.1019803902718556,0.0754716981132075,0.1132075471698113,0.8000120331977751,0.0202655485674353,0.1172144365593719,0.0138888888888888,0.0231481481481481,0.3379629629629629,0.7709055486789868,0.0,1.0,1.7256967183136454,0.0,0.0,0.0,0.0,0.0,0.0,0.0,0.0,0.0,0.136574074074074,0.0138888888888888,0.5290313921087084,0.0046296296296296,0.0277777777777777,1.7338200108121322,unsat,9.403007188993795,unknown,1000.0041216579848,unsat,13.25891590100946,unknown,1000.0044855859596,z3+''
61,28202,7503,3.758763161402106,0.2660449613502588,0.0003418004537892,3.881213080279998,0.000137014455025,0.1111872302527916,2.322826258965609,0.0003418004537892,0.5408076424286318,0.0001293828438349,0.0260059516108164,1.0194338027554306,0.000426758634111,3.1673940220458467,0.0001027608412687,0.0660067137082962,0.2718816831977479,1.19568267136571,0.0,1.0,1.2771518251319418,0.1431378279697492,0.9355768772173836,0.0,0.9801980198019802,1.919066478089462,0.1339164421036171,0.5105158594231691,0.40049325203809,0.9110091114612592,0.705966979516339,0.0002291300407312,5.796526934748794,6.850722751250257e-05,0.1111872302527916,1.9696598889319303,unsat,523.4624790679954,unknown,1000.0045955929965,unsat,366.9564367560088,unknown,1000.0044057420456,z3+'sat.lookahead_simplify=true'
62,194072,1156,167.88235294117646,0.0059565522074281,0.0022640172355681,0.0034465401062604,0.0022156725339049,0.0022671998021352,0.6026692046619881,0.0022640172355681,0.2919519872936578,0.0017301038062283,0.0294117647058823,0.6733190894805354,0.0012773681112321,0.0746895877067522,0.0006750072138175,0.0013139453398738,0.4988046684109152,0.7737511728078608,0.0,1.0,1.049025426358356,0.5274141893267293,0.0024338602605372,0.5229357798165137,0.5348837209302326,0.2902796211629292,0.0012836524362457,0.3936580238262088,0.6059915907498248,0.9996496145760336,0.6124943320004946,0.0013271748322707,0.2236926701856516,0.0008708108330928,0.0017570798466548,4.282694696741128,unknown,1000.004786380996,unknown,1000.0043721830008,sat,210.99719046696555,sat,300.553166556987,z3+'sat.lookahead_simplify=true'
63,106474,32980,3.228441479684657,0.3097469804834983,7.459259281720943e-05,1.0718979344602313,3.677856545205454e-05,0.0050386634669314,1.696782288255857,7.459259281720943e-05,0.197457497345411,2.9503746975865936e-05,8.85112409275978e-05,0.6916590604751857,5.20091060989253e-05,1.4540930970770076,1.838928272602727e-05,0.0050386634669314,0.2371941632416627,1.1932319655502903,0.0,1.0,0.9266160038719966,0.1197304838429198,0.6987474556948645,0.0,0.1999999999999999,1.2844485247891613,0.0836613709543553,0.4717402697707776,0.5282505355878594,0.9999908053586368,0.6752452670583584,4.601661103463749e-05,1.6121780501470109,1.838928272602727e-05,0.0050386634669314,1.5153325382309275,sat,2.303401965997182,unknown,1000.0044905630056,sat,6.9092107359902,unknown,1000.0051647600484,z3+''
64,990,234,4.230769230769231,0.2363636363636363,0.0156189083820662,0.0097425865809647,0.0155945419103313,0.016569200779727,0.116906849137531,0.0156189083820662,0.1803880127246459,0.0041666666666666,0.0166666666666666,0.3959913951838401,0.0107212475633528,0.0,0.0107212475633528,0.0107212475633528,0.3845029239766082,0.9401174324352458,0.0,1.0,1.033167139421918,0.2491421568627451,0.0412449869311392,0.1764705882352941,0.2941176470588235,0.1328197033449013,0.0102758650037997,0.1169590643274853,0.0,0.1169590643274853,0.3654970760233918,0.0053118908382066,0.3520274861550064,0.0009746588693957,0.0087719298245614,2.023208271057638,sat,0.1208859799953643,sat,0.3375845720001962,sat,0.1764734460157342,unknown,1000.0043427950004,z3+''
65,83733,2396,34.94699499165275,0.0286147635938041,0.002163541850281,1.0917759726698826,7.16563362115295e-05,0.010808164045239,3.1699140760628075,0.002163541850281,0.3821855135933463,0.0008347245409015,0.003338898163606,1.7118539871226963,0.0019169764646817,1.5427520659030365,4.7770890807686335e-05,0.0114291856257389,0.3786502789763153,0.7528330401404039,0.0,1.0,2.142418958807735,0.2113774844507135,0.8581827366576514,0.0,0.9455040871934606,2.7089508242973115,0.1814005080737235,0.0097810898928737,0.2766054004992058,0.2863864903920796,0.2682693800532645,0.0004259704015468,1.7669998829475992,1.1942722701921584e-05,0.0057563923423262,3.950607405553781,sat,45.48654585299664,unknown,1000.0045717619942,sat,47.3580205339822,sat,722.1851662889821,z3+''
67,1118,249,4.48995983935743,0.2227191413237924,0.0174723940484657,0.39405823316199,0.0053667262969588,0.0286225402504472,1.7807076118375962,0.0174723940484657,0.1764100068008632,0.0080321285140562,0.0200803212851405,1.0129986582126904,0.0054888606303568,0.2053389191277694,0.0026833631484794,0.0071556350626118,0.3914132379248658,0.741326790076927,0.0,1.0,1.7061789050839766,0.0004016064257028,15.74801574802362,0.0,0.0999999999999999,0.0261664344208699,0.0063245043164753,0.0017889087656529,0.1753130590339892,0.1771019677996422,0.2728085867620751,0.0043178079042466,0.4918276143993014,0.0017889087656529,0.0089445438282647,1.8826881553111117,sat,0.0959021570015465,sat,0.0054874670167919,sat,0.3399029779830016,sat,0.0084962600376456,z3+'sat.local_search=true'
68,15431,5240,2.944847328244274,0.339576177823861,0.0004451829293081,0.9468264781817136,0.0001296008294453,0.0099792638672887,1.0747695242742612,0.0004451829293081,0.2020809966700661,0.0001908032818164,0.0005724098454493,0.6371327199445664,0.0003479761251582,0.9705564245497356,0.0001296008294453,0.0099792638672887,0.6852643856920684,0.6264259687055419,0.0,1.0,0.8965498077258023,0.1573693831118891,0.2692174783225317,0.0,0.3333333333333333,1.0401454237755647,0.0423665884865551,0.6666666666666666,0.3332685329186107,0.9999351995852772,0.7422239502332815,0.000298198130563,1.0581028136142825,0.0,0.0097848626231207,1.5440518122061078,unsat,342.4521587039999,unknown,1000.0039486899914,unsat,324.5101677189814,unknown,1000.0042725879466,z3+'sat.lookahead_simplify=true'
72,157688,19990,7.888344172086043,0.1267693166252346,0.0001431155793768,2.0841284477654614,1.0116082041425356e-05,0.0042285222933157,3.154312270589719,0.0001431155793768,0.0957977728085454,4.902922141596391e-05,0.0001470876642478,0.2855286557326618,0.0002226440739313,1.8300384506902343,1.0116082041425356e-05,0.004698920108242,0.3354543385346855,0.4031548977140287,0.0,1.0,0.3283913225355335,0.4721773055580522,0.8531402695919141,0.0,1.0,2.900996127768687,0.4028334737589802,0.0772716926734275,0.9208568321489088,0.9981285248223364,0.9743759641890696,0.0001406029263262,2.124153797352746,5.058041020712678e-06,0.0042285222933157,3.152406294497675,sat,274.0773804199998,unknown,1000.0046423599996,sat,118.7850546070258,unknown,1000.0050151919712,z3+'sat.lookahead_simplify=true'
75,2520,594,4.242424242424242,0.2357142857142857,0.0062636932707355,0.0062147872398914,0.0062597809076682,0.0066510172143974,0.0560015343548473,0.0062636932707355,0.174918575452098,0.0016666666666666,0.0066666666666666,0.3779172570432874,0.0043035993740219,0.0,0.0043035993740219,0.0043035993740219,0.3884976525821596,0.9053720867042516,0.0,1.0,1.0196235755433003,0.249656862745098,0.026086209709838,0.1764705882352941,0.2941176470588235,0.0623666760377954,0.0065126012770688,0.1173708920187793,0.0,0.1173708920187793,0.3615023474178404,0.0021061554512258,0.3440156513825083,0.0003912363067292,0.0039123630672926,2.0181042503809525,sat,28.40698061999865,sat,40.05613151899888,sat,33.029921950015705,unknown,1000.0042735231108,z3+''
76,2350,554,4.241877256317689,0.2357446808510638,0.0067102742186564,0.0064303079658262,0.0067057837384744,0.007124895222129,0.0592585814553313,0.0067102742186564,0.1751833720809983,0.0017857142857142,0.0071428571428571,0.3788630597002175,0.0046102263202011,0.0,0.0046102263202011,0.0046102263202011,0.3956412405699916,0.908131887167326,0.0,1.0,1.034206719667207,0.2496323529411764,0.0270017659996408,0.1764705882352941,0.2941176470588236,0.0660783761156329,0.0067405143800574,0.1173512154233026,0.0,0.1173512154233026,0.3616932103939648,0.0022482337444617,0.3706398115482011,0.0004191114836546,0.0041911148365465,2.084786091610272,sat,34.98407260700333,sat,0.2124768339854199,sat,11.449732806999236,unknown,1000.0042575239204,z3+'sat.local_search=true'
78,14076,598,23.53846153846154,0.0424836601307189,0.0034100596760443,0.0,0.0034100596760443,0.0034100596760443,0.0,0.0034100596760443,0.4753541190118567,0.0033444816053511,0.0434782608695652,0.0121175079145405,0.0033390167661267,0.0,0.0033390167661267,0.0033390167661267,1.0,0.0,1.0,1.0,0.0,0.9583333333333334,0.0,0.9583333333333334,0.9583333333333334,0.0,0.0,0.9983660130718954,0.0,0.9983660130718954,0.9983660130718954,0.0033390167661267,0.0,0.0033390167661267,0.0033390167661267,0.0,sat,0.1315541029980522,sat,0.0117232310003601,sat,0.0083655619528144,sat,0.0118392630247399,z3+'sat.lookahead_simplify=true'
79,252,108,2.333333333333333,0.4285714285714285,0.0198412698412698,0.0,0.0198412698412698,0.0198412698412698,0.0,0.0198412698412698,0.1632993161855452,0.0185185185185185,0.0277777777777777,0.410116318288409,0.0238095238095238,0.0,0.0238095238095238,0.0238095238095238,0.4629629629629629,1.0140724121791584,0.0,1.0,0.9851643415493484,0.6,9.173795831508936e-17,0.6,0.6000000000000001,0.0,5.504277498905361e-17,0.8571428571428571,0.1428571428571428,1.0,0.7619047619047619,0.0145870076425631,0.2766082574951645,0.0039682539682539,0.0198412698412698,1.2802806628689185,unsat,0.009657000999141,unknown,1000.0040811179788,unsat,0.00891167903319,unknown,1000.00427630404,z3+'sat.lookahead_simplify=true'
80,120,35,3.4285714285714284,0.2916666666666667,0.1047619047619047,0.2650432679475136,0.0666666666666666,0.1333333333333333,1.078992207877583,0.1047619047619047,0.1285648693066449,0.0857142857142857,0.1142857142857142,0.6365141682948128,0.0428571428571428,0.161970885967925,0.0333333333333333,0.05,0.4,0.8579691784155833,0.0,1.0,1.371249358634056,0.0,0.0,0.0,0.0,0.0,0.0,0.0,0.3333333333333333,0.3333333333333333,0.3833333333333333,0.038095238095238,0.3633610463437158,0.0166666666666666,0.0666666666666666,1.6341474485247305,unsat,0.022544473002199,unknown,1000.0043711100006,unsat,0.0230881199822761,unknown,1000.00420489104,z3+''
83,9086,2200,4.13,0.2421307506053268,0.0013636363636363,0.2884160004277166,0.0003301782962799,0.0029716046665199,2.6768013420469914,0.0013636363636363,0.0,0.0013636363636363,0.0013636363636363,0.0,0.002356272387089,0.2563162987330126,0.0006603565925599,0.0044023772837332,0.504805928534742,0.5772456010607824,0.3333333333333332,1.0,0.5701172144669866,0.23778200189131,0.7800860703401362,0.0,1.0,3.3623235495228787,0.1854904274530028,0.0,1.0,1.0,0.5040721989874533,0.0006873711804374,0.4108286174717788,0.0,0.0020911292097732,2.34501015529666,sat,101.02756238000438,unknown,1000.0042642340122,sat,833.9540991200483,unknown,1000.0045056570088,z3+''
84,12051,4049,2.976290442084465,0.3359887146294913,0.0005583011615229,1.589426164603699,7.418947993174568e-05,0.0173603383040284,1.887574286635415,0.0005583011615229,0.3383492852331967,0.0002314279102059,0.0041657023837074,0.8351015692446881,0.000490828941785,1.5606348729938622,7.418947993174568e-05,0.0138734327472364,0.2093627123673863,1.5022155495281326,0.0,1.0,1.0268578557792027,0.1602099076404137,0.8115314129153824,0.0,1.0,1.5518542142922125,0.1300153727104678,0.6739372356999778,0.2669337487944209,0.9408709844943988,0.8297351435566437,0.0004360713749841,1.062982996940976,7.418947993174568e-05,0.0087543586319459,1.5794368415335356,unsat,5.27827240699844,unknown,1000.0042929509946,unsat,3.5943865870358422,unknown,1000.0043273860356,z3+'sat.lookahead_simplify=true'
87,48442,728,66.54120879120879,0.0150282812435489,0.0027664214733287,0.1914598161431225,0.0014243837991825,0.0040667189628834,3.5790220985334127,0.0027664214733287,0.2990079142125082,0.0027472527472527,0.0384615384615384,0.0045781284000797,0.0027457782298622,0.1928992447013696,0.0014037405557161,0.004046075719417,1.0,0.0,1.0,1.0,0.0,0.9844718745848962,0.0033071053440812,0.9710144927536232,0.9898477157360406,0.3103493791506884,0.0032557521975374,0.9994632756698733,0.0,0.9994632756698733,0.9994632756698733,0.0027457782298622,0.1928992447013696,0.0014037405557161,0.004046075719417,3.5790220985334136,unknown,1000.005201658998,unknown,1000.0043147879768,unknown,1000.0048794469913,sat,58.48702887597028,z3+'sat.ddfw_search=true'
88,169583,15232,11.133337710084032,0.0898203239711527,0.0002257081223011,0.8291971693585145,4.717453990081553e-05,0.0011321889576195,4.018836499087074,0.0002257081223011,0.2250769190729903,0.0001313025210084,0.0002626050420168,0.932712080127394,0.0003751757214446,0.8293786933928085,8.845226231402911e-05,0.0019459497709086,0.1142390451873124,2.046515054307531,0.0,1.0,0.68424693653604,0.0605320784926748,0.8900926587648216,0.0,0.3333333333333333,2.625583539255133,0.0538791586861058,0.176314842879298,0.2093841953497697,0.3856990382290677,0.2587818354434112,4.08507141615838e-05,0.7260296550677368,1.1793634975203882e-05,0.0006132690187106,2.2416555233945377,unsat,974.1800218450009,unknown,1000.0046110529802,unknown,1000.0047900140052,unknown,1000.0056107580896,z3+''
89,128,32,4.0,0.25,0.125,0.0,0.125,0.125,0.0,0.125,0.0,0.125,0.125,0.0,0.046875,0.0,0.046875,0.046875,0.421875,0.6361320013821358,0.0,1.0,0.7968161072486227,0.0,0.0,0.0,0.0,0.0,0.0,0.0,0.0,0.0,0.3828125,0.0478515625,0.2936223381620032,0.015625,0.0625,0.8815322611881637,unsat,0.1014842369986581,unknown,1000.0041988170124,unsat,0.0343075360287912,unknown,1000.0044778529556,z3+'sat.lookahead_simplify=true'
90,61855,945,65.45502645502646,0.015277665508043,0.0021310292589898,0.1746378649783771,0.0011963462937515,0.0031687009942607,4.458363731040235,0.0021310292589898,0.2543859946211734,0.0021164021164021,0.0222222222222222,0.0059841319982283,0.0020312396417804,0.1680167797571411,0.001180179451944,0.0030393662598011,1.0,0.0,1.0,1.0,0.0,0.9843320427137952,0.0029463750178797,0.972972972972973,0.9897959183673468,0.287469889229231,0.0029002113399505,0.9992724921186646,0.0,0.9992724921186646,0.9992724921186646,0.0021148624171823,0.1759728656449728,0.001180179451944,0.0031525341524533,4.458363731040235,unknown,1000.004517527006,sat,4.0170805850066245,unknown,1000.0047864590306,sat,44.14616434101481,z3+'sat.local_search=true'
92,33199,5248,6.326028963414634,0.1580770505135696,0.0006442349865078,1.5126986451735516,0.0001506069459923,0.0241573541371728,2.4239271252418133,0.0006442349865078,0.3442670879036504,0.0003810975609756,0.0083841463414634,1.0564652113223243,0.0003671044308563,1.0603649784512206,0.0001204855567938,0.0078014398024036,0.4576516999873125,0.7500265562470719,0.0,1.0,1.5030359188462494,0.1472242622830091,0.4719785437450691,0.0,0.3333333333333333,2.289816938584206,0.0694866929162767,0.2299466851411187,0.4651947347811681,0.6951414199222868,0.4652248561703666,0.0002527143228674,1.4109164032523838,3.0121389198469837e-05,0.0086147173107623,2.497742860445164,unsat,133.75578314700397,unknown,1000.004705777974,unsat,70.63612264703261,unknown,1000.0045048430328,z3+'sat.lookahead_simplify=true'
93,38430,45,854.0,0.0011709601873536,0.2637522768670309,0.0,0.2637522768670309,0.2637522768670309,0.0,0.2637522768670309,0.0855907921813793,0.0888888888888888,0.2666666666666666,0.0836497046105892,0.0011449388498568,0.0,0.0011449388498568,0.0011449388498568,1.0,0.0,1.0,1.0,0.0,0.988950276243094,0.0,0.988950276243094,0.988950276243094,0.0,0.0,0.0,0.0,0.0,0.0163934426229508,0.0014571948998178,0.0,0.0014571948998178,0.0014571948998178,0.0,unsat,266.5753268450062,unknown,1000.0045509129995,unsat,221.5500769480132,unknown,1000.0050929329592,z3+'sat.lookahead_simplify=true'
94,34902,5438,6.418168444280986,0.1558076901037189,0.000456295104797,0.5809949625167298,0.0,0.0010578188291751,2.8959778164145646,0.000456295104797,0.3042634367874316,0.0001675322499581,0.0008376612497905,1.1440803829690327,0.0004559547826617,0.428830109105222,0.000154802755489,0.0007998142366934,0.582846134661197,0.6558700795993221,0.0,1.0,1.303052533067041,0.4319374156581633,0.738968247203438,0.0,0.9047619047619048,2.739290116639057,0.3191880349504958,0.4699811656647488,0.3428365024897443,0.8128176681544932,0.8585102814830105,0.0003567716378529,0.6410980129228211,0.0,0.0008256146959415,2.634192956431595,sat,1.479411110994988,unknown,1000.0046799849952,sat,1.4357655339990745,unknown,1000.0045615240232,z3+'sat.lookahead_simplify=true'
96,2119,325,6.52,0.1533742331288343,0.0117980179329872,0.0,0.0117980179329872,0.0117980179329872,0.0,0.0117980179329872,1.625043999404324,0.0061538461538461,0.0769230769230769,0.2781696133132755,0.1474657857479943,0.0075253141099329,0.147239263803681,0.1529023124115148,1.0,0.0,1.0,1.0,0.0,0.04,0.0,0.04,0.04,0.0,0.0,0.9202453987730062,0.0,0.9202453987730062,0.9202453987730062,0.0056630486078338,0.0,0.0056630486078338,0.0056630486078338,0.0,unknown,1000.0052702440008,sat,16.43919670197647,unknown,1000.0045172139652,sat,0.0091992819216102,z3+'sat.ddfw_search=true'
99,4744,448,10.589285714285714,0.0944350758853288,0.0104831206804891,1.1116908848929463,0.0009968102073365,0.0293062200956937,2.815578987288847,0.0104831206804891,0.3168876886727966,0.0018939393939393,0.0151515151515151,1.497957927646618,0.001866753661012,0.74725753028714,0.0003987240829346,0.004585326953748,0.3692185007974481,0.7263192503283731,0.0,1.0,1.9366493057144267,0.0371504460757257,1.766222499362295,0.0,0.1999999999999999,1.3723284951326218,0.0656159537202924,0.0127591706539074,0.2169059011164274,0.2296650717703349,0.1586921850079744,0.0012052341597796,0.7882793209181228,0.0003987240829346,0.0037878787878787,2.181423660978661,unknown,1000.0050060399954,unknown,1000.0048461430124,sat,955.518649731006,unknown,1000.0046258090296,z3+'sat.lookahead_simplify=true'
100,61409,945,64.98306878306879,0.0153886238173557,0.0021311354926948,0.170394613186373,0.0011724665765604,0.0034359784396423,4.394790983189515,0.0021311354926948,0.2552946963815335,0.0021164021164021,0.0222222222222222,0.0060222886199768,0.0020194892412319,0.1629053057511928,0.001123613802537,0.0032731358595645,1.0,0.0,1.0,1.0,0.0,0.9842761573356744,0.0027187292734901,0.9722222222222222,0.990521327014218,0.2024456759443782,0.0026759804021469,0.9992672083896498,0.0,0.9992672083896498,0.9992672083896498,0.002114851234687,0.171706643932911,0.0011561823185526,0.0034196941816346,4.394790983189516,sat,1.935793572993134,sat,5.410212534014136,sat,578.8179268499953,unknown,1000.004767361912,z3+''
101,59703,20181,2.9583766909469302,0.3380232149138234,8.399163147076616e-05,0.9593568434756172,1.24317806039359e-05,0.0010442695707306,2.11218932561635,8.399163147076616e-05,0.3594599844641528,3.627394080092861e-05,0.0009068485200232,0.8080679258566488,8.002015338670448e-05,1.2527524686577571,1.24317806039359e-05,0.0012680416216014,0.499360696489701,0.9147682029274224,0.0,1.0,1.166421641608454,0.1858624700688386,1.0341351215212933,0.0,1.0,1.9194597348784463,0.1922069080708862,0.7305038600678775,0.2076231678663335,0.938127027934211,0.6798070587650269,5.3463691411833744e-05,0.9333093220868602,1.24317806039359e-05,0.0007210432750282,2.0177245425370858,unsat,38.71823584400408,unknown,1000.004923910019,unsat,29.917578777996823,unknown,1000.0049964769278,z3+'sat.lookahead_simplify=true'
103,221509,41295,5.364063445937765,0.1864258337133028,8.186902241592758e-05,7.578748175736166,0.0,0.0358833672315412,2.026997651654856,8.186902241592758e-05,0.7598443549271138,2.231047253580831e-05,0.0014501807148275,1.476933817858003,7.647143819468836e-05,3.026241371188229,8.599968180117734e-06,0.0093739653163283,0.5783304710559897,0.5244063364394052,0.0,1.0,1.5730795366541177,0.1084355486585779,2.3160316875474942,0.0,0.9966859983429992,0.952216555241558,0.2511401667498648,0.2321604410063683,0.4479551425659725,0.6801155835723408,0.5535627518178182,4.283454545221128e-05,10.30091481452674,0.0,0.030392287548536,2.044587603371031,unsat,2.12102116200549,unknown,1000.0049853170058,unsat,4.702852950023953,unknown,1000.0055305630668,z3+''
104,7362,1430,5.148251748251749,0.1942406954631893,0.0057720418823159,4.196601608974985,0.0012924906294429,0.586273749515316,2.783953728368154,0.0057720418823159,0.4732244185889154,0.0006793478260869,0.0108695652173913,2.5836176133073447,0.0064629799776342,1.4933783022851554,0.0014217396923872,0.1633708155615871,0.3290668933553772,0.7934430342878419,0.0,1.0,2.9846241249562286,0.5392616752033909,0.3877224366462221,0.0,1.0,2.272725621752566,0.2090838506997823,0.0327000129249062,0.1507044073930464,0.1834044203179527,0.150962905518935,0.0004201472596388,2.7855342637786498,0.0,0.0166731291198138,1.634552912020729,unsat,20.80036308900162,unknown,1000.0044763070182,unsat,25.99566582695116,unknown,1000.0045272529824,z3+''
105,25200,6360,3.962264150943396,0.2523809523809524,0.0004295822102425,1.266730068494248,0.0003174603174603,0.0035714285714285,0.2139430441373473,0.0004295822102425,0.2493102107550412,0.000314465408805,0.00062893081761,0.9918449568090968,0.0002573749625636,1.430605720411018,0.0001587301587301,0.0023412698412698,0.2991071428571428,1.0507646425349657,0.0,1.0,1.2529291310964004,0.1326650943396226,0.940449065311059,0.0,0.25,0.6912658830240132,0.1247647639711015,0.4017857142857143,0.4642857142857143,0.8660714285714286,0.6537698412698413,0.000266266097634,2.181603566409798,7.936507936507937e-05,0.0035714285714285,0.9333554538453512,sat,13.845961159997389,unknown,1000.0041482439848,sat,611.9901639700402,unknown,1000.004748580046,z3+''
106,4680,351,13.333333333333334,0.075,0.0160248510987882,0.0020009605890414,0.0160197165742452,0.0162250975559663,0.116906849137531,0.0160248510987882,0.140637782255523,0.0027777777777777,0.0166666666666666,0.277043627505163,0.0096529061408913,0.0,0.0096529061408913,0.0096529061408913,0.3333333333333333,0.8197600698932678,0.0,1.0,1.1746429714296192,0.2988748241912799,0.5657461760307111,0.1645569620253164,0.5384615384615385,0.7640295869039241,0.1690872888980676,0.0,0.0739371534195933,0.0739371534195933,0.137605257753132,0.0019374272609023,0.414136687603777,0.0006161429451632,0.0047237625795851,2.559139246039928,unsat,267.7542527279875,unknown,1000.0043128170072,unsat,336.37965649098624,unknown,1000.0044206039748,z3+''
108,2180,514,4.2412451361867705,0.2357798165137614,0.007225423493474,0.0066699223525893,0.0072202166064981,0.0076714801444043,0.0629570514613899,0.007225423493474,0.1754883511675596,0.0019230769230769,0.0076923076923076,0.3799401618486271,0.0049638989169675,0.0,0.0049638989169675,0.0049638989169675,0.3962093862815884,0.9037483151972052,0.0,1.0,1.0325238107102668,0.24960407239819,0.0280210249429299,0.1764705882352941,0.2941176470588236,0.0703014457109454,0.0069941619385265,0.1173285198555956,0.0,0.1173285198555956,0.3777075812274368,0.0025652596500971,0.3558863328822733,0.0004512635379061,0.0045126353790613,2.090358139762248,sat,2.400528055994073,sat,247.43936336500337,sat,1.260200591001194,unknown,1000.0044439920456,z3+'sat.lookahead_simplify=true'
109,92964,4897,18.983867674086174,0.0526763048061615,0.0004110557528891,0.8063993175588408,3.2181589985089194e-05,0.0011049012561547,2.481515332293593,0.0004110557528891,0.2597799612433558,0.0002024291497975,0.0052631578947368,0.0727714735533675,0.0004118896078523,0.7815429471331601,2.14543933233928e-05,0.001094174059493,0.4975063590075229,1.002029487145833,0.0,1.0,0.7308429710284587,0.6961708485806485,0.4625770661821609,0.0,1.0,2.4503775222778565,0.3220326686979817,0.9879855397389,0.0012121732227716,0.9891977129616716,0.7450359897448,0.0003028370134494,0.9095657284139268,0.0,0.0011049012561547,3.619574713416736,sat,21.873222192996764,unknown,1000.0043014999828,sat,20.875856289989315,sat,29.40519024094101,z3+'sat.lookahead_simplify=true'
111,15063,1677,8.98211091234347,0.1113324039036048,0.0019142420359633,0.893866766222285,0.0002655513509924,0.006970722963553,2.742065082189941,0.0019142420359633,0.5626563556696793,0.0011926058437686,0.0149075730471079,1.1353689356202938,0.0032725997441633,0.3198025761072312,0.0003983270264887,0.0050454756688574,0.4590276394697825,0.6066967212090525,0.0,1.0,1.236951664522375,0.4276126119357407,0.7007804514881931,0.0,0.8181818181818181,2.5436345263655804,0.2996625592543739,0.2360751510323308,0.5742547965212773,0.8103299475536082,0.7804554205669522,0.0012870610500101,0.8783485105472049,0.0,0.0043815972913762,2.7167544421215086,sat,50.74939833999088,unknown,1000.0042775209876,sat,37.696156740013976,sat,599.1536008029943,z3+'sat.lookahead_simplify=true'
113,1330,314,4.235668789808917,0.2360902255639097,0.011726756954612,0.0084676295022281,0.0117130307467057,0.0124450951683748,0.0931336383232726,0.011726756954612,0.1781319926312614,0.003125,0.0125,0.3888436724996294,0.0080527086383601,0.0,0.0080527086383601,0.0080527086383601,0.3671303074670571,0.9766948436940016,0.0,1.0,1.021454749770108,0.2493566176470588,0.0357195621368226,0.1764705882352941,0.2941176470588236,0.1050682789788002,0.008906909198272,0.1171303074670571,0.0,0.1171303074670571,0.3433382137628111,0.0037198023426061,0.3954274334710055,0.0007320644216691,0.007320644216691,2.061309747868928,sat,0.668501499996637,sat,0.199229274992831,sat,0.5632759040454403,unknown,1000.0044689549832,z3+'sat.local_search=true'
114,407505,22781,17.887932926561607,0.0559036085446804,0.0001070694712062,0.7188581109413887,0.0,0.0002735792531964,2.0233835451987336,0.0001070694712062,0.2212368586268992,3.762935089369708e-05,0.0009407337723424,0.5816067022767853,8.74206937573319e-05,0.5874449586017487,1.5826898945250233e-05,0.0002238375707971,0.3109194297794408,0.5828313118947283,0.0,1.0,0.6547733970332196,0.4090944875153104,0.5564489563499905,0.0,1.0,2.203266615006746,0.2276402006264287,0.183060696157455,0.7973252540782527,0.9803859502357076,0.9986434086618357,0.0001063803279111,0.7183469690191614,0.0,0.0002735792531964,1.9025231456868923,sat,1.1433257129974663,unknown,1000.0049021730084,sat,34.43367091502296,unknown,1000.0057013400364,z3+''
115,12009,4192,2.8647423664122136,0.3490715296860688,0.0005541833938899,1.1025207617250166,8.296689620841284e-05,0.0055587820459636,0.7691289002992406,0.0005541833938899,0.2021669548616599,0.0002375296912114,0.0007125890736342,0.6380187438445095,0.0004652769346883,1.3098777188377633,0.0001659337924168,0.0054758151497552,0.7695456179650986,0.5005886720416074,0.0,1.0,0.7765827043851362,0.1801939115156414,0.3064998759378859,0.0,1.0,0.6713175909962985,0.0552294115243064,0.6665560441383888,0.3332780220691944,0.9998340662075832,0.68007964822036,0.0003262116467785,0.9636934367556528,8.296689620841284e-05,0.0029038413672944,0.8124401080489789,unsat,1.1496220709959744,unknown,1000.0043310360052,unsat,1.1516199220204726,unknown,1000.0045320260106,z3+''
116,145663,27218,5.351715776324491,0.1868559620493879,8.92246762453931e-05,6.15643738967404,1.2381677593497142e-05,0.0502077026416309,2.3111283877848816,8.922467624539308e-05,0.2757525295046165,3.094729675362857e-05,0.0002785256707826,1.1164591801496326,6.880715079957566e-05,4.025367845310264,6.190838796748571e-06,0.0192411269802945,0.4012802654631676,0.8111960460358436,0.0,1.0,1.2810320343827313,0.3058972986261518,0.6569860689326428,0.0,0.9930795847750864,2.5530928946093634,0.2009702637215102,0.2490636356319917,0.5870029530301061,0.8360665886620978,0.6597576905694953,5.205454521087467e-05,3.144244359687814,6.190838796748571e-06,0.0167462189452048,2.2757370346307018,unsat,151.29867682199983,unknown,1000.0052208300332,unsat,108.48070271796314,unknown,1000.0053184650606,z3+'sat.lookahead_simplify=true'
117,5251,135,38.8962962962963,0.0257093886878689,0.0318965699655092,0.2614716802515044,0.0150447533803085,0.0432298609788611,3.8051492472532296,0.0318965699655092,0.7361647663819277,0.0222222222222222,0.0888888888888888,0.4141415126808382,0.021964070335809,0.069540559263282,0.0198057512854694,0.0255189487716625,1.0,0.0,1.0,1.0,0.0,0.2240453772824296,0.6682912091341361,0.1212121212121211,0.6962025316455696,2.7045984491663546,0.1497275560849886,0.0,0.8548847838506951,0.8548847838506951,0.1451152161493049,0.0128991303243826,0.3670006224503083,0.0022852789944772,0.017901352123405,3.5044915680903,unsat,178.78288614700432,unknown,1000.004246558994,unsat,177.58663337701,unknown,1000.0044879909838,z3+'sat.lookahead_simplify=true'
118,28327,4408,6.426270417422868,0.1556112542803685,0.0005551820189457,0.5959310694760624,0.0,0.001273924931643,2.912535229141477,0.0005551820189457,0.3061616471411623,0.0002027986209693,0.0010139931048468,1.1591512584984311,0.0005466733819803,0.4283426868114439,0.000186428038777,0.0009632115336813,0.5795208799403431,0.6601759820718759,0.0,1.0,1.315133107572758,0.42628875061092,0.7529248936938094,0.0,0.9047619047619048,2.727113969022979,0.3209634122365937,0.4630872483221476,0.3378076062639821,0.8008948545861297,0.8503293562018395,0.0004281556269459,0.6466484694987994,0.0,0.0009942828734775,2.620632340861055,sat,0.6864095850032754,unknown,1000.0042541810544,sat,0.3405600509722717,unknown,1000.0045290110866,z3+'sat.lookahead_simplify=true'
119,14708,568,25.8943661971831,0.0386184389447919,0.0026594592426344,0.0002346194843107,0.0026593466217373,0.0026629162145182,0.1400897475963133,0.0026594592426344,0.1291402371061838,0.0006858710562414,0.0061728395061728,0.2401024926608279,0.0029163573019589,0.0,0.0029163573019589,0.0029163573019589,1.0,0.0,1.0,1.0,0.0,0.9972309651437508,0.000469300282707,0.9946380697050938,0.9973154362416108,0.0,0.0004680007738662,0.0624535952938488,0.0,0.0624535952938488,0.9994217259695014,0.0026558896498536,0.0002349348197078,0.0026557770289565,0.0026593466217373,0.1400897475963133,sat,90.45200365300116,sat,7.801788094977383,sat,18.1787489450071,sat,37.18514676997438,z3+'sat.local_search=true'
120,19521,3008,6.48969414893617,0.154090466676912,0.0012270041573666,0.6364834887747362,0.0002527167045741,0.0064695476370988,0.9410576873340036,0.0012270041573666,0.1175624477474693,0.0003254149040026,0.0013016596160104,0.5476012228678171,0.0003906623603674,1.0664713482563204,0.0001010866818296,0.0032347738185494,0.4037065116670879,0.8095122608357728,0.0,1.0,1.311176797322868,0.0382517775523269,1.357908807162559,0.0,0.1999999999999999,1.029743330929893,0.0519424256279278,0.0,0.2195602729340409,0.2195602729340409,0.3550164265857973,0.0004233765501102,0.9977057569869636,0.0001010866818296,0.003639120545868,2.263472637771774,sat,645.5229612269904,unknown,1000.004864453047,sat,479.9172105040052,unknown,1000.0044058919884,z3+'sat.lookahead_simplify=true'
122,47000,296,158.78378378378378,0.0062978723404255,0.0154000143760782,0.2506017109340843,0.0068085106382978,0.0205106382978723,5.366257817421206,0.0154000143760782,1.2078449160317497,0.0067567567567567,0.081081081081081,0.2817920384230511,0.0062735767682576,0.0014756801234741,0.0062340425531914,0.0062765957446808,1.0,0.0,1.0,1.0,0.0,0.2489604107915151,0.62969107740555,0.1237864077669903,0.8442367601246106,3.36545881135769,0.1567681493026374,0.0021063829787234,0.9234255319148936,0.925531914893617,0.0744680851063829,0.0060267395054629,0.3600434430480211,0.000531914893617,0.0086595744680851,5.064191492217564,unknown,1000.0052279220108,sat,22.923049770994112,unknown,1000.0059518319904,sat,2.850537796970457,z3+'sat.ddfw_search=true'
126,552,230,2.4,0.4166666666666667,0.0108695652173913,0.0,0.0108695652173913,0.0108695652173913,0.0,0.0108695652173913,0.4472135954999579,0.008695652173913,0.0217391304347826,0.4505612088663046,0.0215816005040957,0.0236523383153571,0.019927536231884,0.0217391304347826,1.0,0.0,1.0,1.0,0.0,0.3333333333333333,0.0,0.3333333333333333,0.3333333333333333,0.0,0.0,0.8333333333333334,0.0,0.8333333333333334,0.8333333333333334,0.0072463768115942,0.0,0.0072463768115942,0.0072463768115942,0.0,unknown,1000.0052287849976,unknown,1000.0042473619689,unknown,1000.005146423995,sat,23.211753276060332,z3+'sat.ddfw_search=true'
127,16824,672,25.035714285714285,0.0399429386590584,0.0030313837375178,0.0,0.0030313837375178,0.0030313837375178,0.0,0.0030313837375178,0.4817194263843092,0.0029761904761904,0.0416666666666666,0.0107728877045141,0.0029719448407037,0.0,0.0029719448407037,0.0029719448407037,1.0,0.0,1.0,1.0,0.0,0.9607843137254902,0.0,0.9607843137254902,0.9607843137254902,0.0,0.0,0.9985734664764622,0.0,0.9985734664764622,0.9985734664764622,0.0029719448407037,0.0,0.0029719448407037,0.0029719448407037,0.0,sat,0.0885546039935434,sat,0.0130798689788207,sat,0.0097627980285324,sat,0.0133937069913372,z3+'sat.lookahead_simplify=true'
131,464564,161044,2.884702317379101,0.3466562195951472,1.4198863842396756e-05,3.095869304035742,2.1151442211087163e-06,0.0033842307537739,1.1527572819381142,1.4198863842396756e-05,0.2020339885177929,6.0852420709295815e-06,1.8255726212788744e-05,0.63656804831154,1.1403741034151968e-05,3.052188483032901,4.230288442217433e-06,0.002724305756788,0.6605602453003258,0.6573344397114929,0.0,1.0,0.9358378946705976,0.1684632794928328,0.2883101103244301,0.0,1.0,1.0512197896223563,0.0485696666961939,0.6666638464743718,0.3333319232371859,0.9999957697115578,0.7384856836463394,9.424730082319709e-06,3.3371788832238574,2.1151442211087163e-06,0.0023055072010085,1.45507765056377,sat,2.9092098320106743,unknown,1000.005649608036,sat,66.03990245598834,unknown,1000.0052164440276,z3+''
132,75738,1498,50.55941255006675,0.0197787108188755,0.0015558960355248,0.6106342409810291,1.3203411761599196e-05,0.0038157859991021,5.336500451188646,0.0015558960355248,1.1450575013462982,0.0013351134846461,0.0313751668891855,0.2701631426321221,0.0017174659560868,0.6004376474624268,1.3203411761599196e-05,0.0039742269402413,0.9822584219135349,0.1005121188767561,0.0,1.0,0.286598766172968,0.675650943749059,0.3720844378734563,0.0,1.0,4.170754573859385,0.2513992016035389,0.9597031873035992,0.0068525707042699,0.9665557580078692,0.9596635770683144,0.0012812597824677,0.5855068408664124,1.3203411761599196e-05,0.002865140352267,5.050634205767439,sat,0.0807599940017098,sat,0.1531912570353597,sat,0.0254305839771404,sat,0.0514594779815524,z3+'sat.lookahead_simplify=true'
134,4641,736,6.305706521739131,0.158586511527688,0.0048631922631007,0.4030901457959351,0.0010466820180029,0.0133975298304375,1.1518211480089775,0.0048631922631007,0.1293334896933271,0.0013003901170351,0.0052015604681404,0.5898345031897138,0.0015614481288074,0.6978311625020531,0.0004186728072011,0.0066987649152187,0.4105784662619496,0.8171115938137143,0.0,1.0,1.3336788443732135,0.0430471625147675,1.297887839233838,0.0,0.1999999999999999,1.1486933342709185,0.0558703887414394,0.0,0.2394808457190705,0.2394808457190705,0.356081222524597,0.0016714246009201,0.6740196874120085,0.0004186728072011,0.0077454469332216,2.3273750643794653,sat,0.0103807039995444,unknown,1000.0046469899826,sat,0.0109298339812085,sat,312.4720730130793,z3+''
138,12762,642,19.8785046728972,0.0503055947343676,0.0034169782663778,0.5095227023795132,7.835762419683435e-05,0.0067387556809277,3.8363240103633927,0.0034169782663778,0.3675601928168465,0.0031152647975077,0.0124610591900311,0.3415181900564569,0.0037035572408547,0.5087110401282045,7.835762419683435e-05,0.0074439742986992,0.9581622525205036,0.1650541426455222,0.0,1.0,0.405686509156371,0.737043310549362,0.251469992382363,0.0,1.0,3.788726246540308,0.1853442756893197,0.9333960194326908,0.0152013790941858,0.9485973985268766,0.9333960194326908,0.0029077757614725,0.5011376897882068,7.835762419683435e-05,0.0054066760695815,3.6028699014197967,sat,0.070846282003913,sat,0.0157796430285088,sat,0.0094811869785189,sat,0.0155288761015981,z3+'sat.lookahead_simplify=true'
140,386302,129474,2.983626056196611,0.3351626447701539,1.7996867659515936e-05,1.0783238226967906,1.034262532029818e-05,0.0003335496665796,1.0972015402766948,1.7996867659515933e-05,0.2020326357387275,7.712954678678308e-06,2.3138864036034924e-05,0.6365483739830541,1.405937167919224e-05,1.104229957642994,5.171312660149089e-06,0.000315450072269,0.6264364398270368,0.6980740001414888,0.0,1.0,0.9856128533466166,0.1699993409653312,0.2690692019759417,0.0,0.1999999999999999,1.0827687010522176,0.0457415870099777,0.6666649428957799,0.3333324714478899,0.99999741434367,0.719355447590039,1.150307151884797e-05,0.9116700038977706,7.756968990223633e-06,0.0001965098810856,1.3355100338227135,sat,71.71122258600371,unknown,1000.0049436959672,sat,50.76967471500393,unknown,1000.0060246259673,z3+'sat.lookahead_simplify=true'
141,1120,320,3.5,0.2857142857142857,0.009375,0.0625425025550652,0.0089285714285714,0.0107142857142857,0.8930428961972854,0.009375,0.0,0.009375,0.009375,0.0,0.01875,0.0625425025550652,0.0178571428571428,0.0214285714285714,0.5077380952380952,0.5770820073377602,0.3333333333333332,1.0,0.5747312346225388,0.0289772727272727,1.4619353275575444,0.0,0.0909090909090909,0.6259236500343439,0.0423628986962697,0.0,1.0,1.0,0.4946428571428571,0.0046372767857142,0.2748296624403335,0.0008928571428571,0.0080357142857142,1.7634893519212358,unknown,1000.0048755290044,unknown,1000.0041693790116,unknown,1000.005082144984,sat,0.0129376959521323,z3+'sat.ddfw_search=true'
142,640,160,4.0,0.25,0.025,0.0,0.025,0.025,0.0,0.025,0.0,0.025,0.025,0.0,0.00859375,0.0909090909090908,0.0078125,0.009375,0.403125,0.7905076531055295,0.0,1.0,0.9506338799451964,0.0,0.0,0.0,0.0,0.0,0.0,0.0,0.0,0.0,0.3421875,0.0085546875,0.2082011527886392,0.003125,0.0125,1.497191146333335,unsat,51.50814791000448,unknown,1000.004114195006,unsat,9.961381493951194,unknown,1000.0038727279752,z3+'sat.lookahead_simplify=true'
144,1160,274,4.233576642335766,0.2362068965517241,0.0133958432871476,0.009038401664161,0.0133779264214046,0.0142140468227424,0.1035479675774654,0.0133958432871476,0.1791027728912442,0.0035714285714285,0.0142857142857142,0.3919610019940064,0.0091973244147157,0.0,0.0091973244147157,0.0091973244147157,0.4013377926421405,0.8760856360348951,0.0,1.0,1.0232869363622337,0.2492647058823529,0.0381856588137953,0.1764705882352941,0.2941176470588236,0.1171875568980684,0.0095183370131445,0.1170568561872909,0.0,0.1170568561872909,0.387123745819398,0.004909221213569,0.3236924298619875,0.0016722408026755,0.0083612040133779,2.0182419718544216,sat,0.1752813909988617,sat,0.5691352299763821,sat,0.059145740000531,unknown,1000.0046068090014,z3+'sat.lookahead_simplify=true'
145,3357,895,3.750837988826816,0.2666070896633899,0.0033333333333333,0.4740820148627525,0.0,0.0095323205242776,3.036486191415764,0.0033333333333333,0.0,0.0033333333333333,0.0033333333333333,0.0,0.0043521167309865,0.4407093799931358,0.0005957700327673,0.0107238605898123,0.4975672723661999,0.5773226657556352,0.3333333333333332,1.0,0.5582905827589583,0.2591810253992364,0.871199327791897,0.0,1.0,3.3060107223070023,0.2257983351042293,0.0,1.0,1.0,0.5040214477211796,0.0016800714924039,0.5468535313166495,0.0,0.0053619302949061,2.485943638034385,sat,1.2514984579902375,sat,0.2570908570196479,sat,0.1496430030092597,unknown,1000.0046810139902,z3+'sat.lookahead_simplify=true'
146,122,46,2.652173913043478,0.3770491803278688,0.0648610121168923,0.05154303032773,0.0491803278688524,0.0655737704918032,0.1788449127168475,0.0648610121168923,0.0425602565517298,0.0434782608695652,0.0652173913043478,0.0836497046105892,0.0324305060584461,0.05154303032773,0.0245901639344262,0.0327868852459016,0.5081967213114754,0.577049800645107,0.3333333333333332,1.0,0.5754438380175589,0.0,0.0,0.0,0.0,0.0,0.0,0.0163934426229508,0.9836065573770492,1.0,0.5163934426229508,0.0334996436208125,0.3219733180940756,0.0163934426229508,0.0491803278688524,0.98380706637243,unsat,0.081401799005107,unknown,1000.0042840929818,unsat,0.02160504902713,unknown,1000.0043144710362,z3+'sat.lookahead_simplify=true'
147,25072,3898,6.432016418676244,0.155472239948947,0.0006231395926011,0.6026117381498314,0.0,0.0014162348877374,2.9118428756211814,0.0006231395926011,0.3074361393970959,0.0002266545784224,0.0011332728921124,1.1697099014883778,0.0006059013841251,0.427973772750407,0.0002072538860103,0.0010708117443868,0.5814139320667818,0.6514292697532139,0.0,1.0,1.3296419687303391,0.4307914408184808,0.7364336714207003,0.0,0.9047619047619048,2.6902321419309394,0.3172493223785671,0.4576165803108808,0.3338169257340241,0.791433506044905,0.8582383419689119,0.0004884151716859,0.6628019029933241,0.0,0.0011398963730569,2.644344593724684,sat,0.4262478089949582,unknown,1000.0045323629748,sat,0.2865887879743241,unknown,1000.0046174461022,z3+'sat.lookahead_simplify=true'
149,69677,3567,19.533781889543032,0.0511933636637627,0.0015961288886797,1.1432697326371315,7.90213989948478e-06,0.0205534658785599,2.845906797275973,0.0015961288886797,0.2109958888407097,0.0002422480620155,0.001937984496124,1.3295363037116954,0.0001510117601263,0.8602354046052363,2.370641969845434e-05,0.0014223851819072,0.3813739789306373,0.5581465304278824,0.0,1.0,2.0487040948478468,0.0269745579996952,4.5987399579151385,0.0,1.0,0.9353390154310304,0.1240489777202981,0.0002528684767835,0.0364446692164238,0.0366975376932073,0.17392609918766,0.000228861515427,1.0909184602164506,7.90213989948478e-06,0.002852672503714,2.6857804201097224,sat,137.87619402400742,unknown,1000.0045754789608,sat,356.2896125309635,unknown,1000.0051494259388,z3+''
154,14321,4800,2.9835416666666665,0.3351721248516165,0.0004882107860251,0.2809410811112475,0.000279310104043,0.001117240416172,1.3357301206272116,0.0004882107860251,0.2427696077112698,0.0004166666666666,0.0083333333333333,0.6422461332919404,0.0004347345390219,0.5977841143684275,0.0002094825780322,0.0028629285664408,0.5007867234597212,0.8785902499082171,0.0,1.0,1.0793810899643983,0.1523052133052133,0.2691454071797334,0.0,0.1999999999999999,1.3257831281102188,0.0409922486506277,0.6591718455415124,0.3407583269324767,0.9999301724739892,0.6666433908246631,0.0003116780718292,0.3257801920292222,6.982752601075344e-05,0.0009077578381397,1.734230844768424,unsat,0.4325353070016717,unknown,1000.0047750610393,unsat,0.6515079130185768,unknown,1000.004373659962,z3+''
159,560,140,4.0,0.25,0.0285714285714285,0.0,0.0285714285714285,0.0285714285714285,0.0,0.0285714285714285,0.0,0.0285714285714285,0.0285714285714285,0.0,0.0098214285714285,0.0909090909090909,0.0089285714285714,0.0107142857142857,0.3678571428571429,0.9348158467622932,0.0,1.0,0.9985981692576008,0.0,0.0,0.0,0.0,0.0,0.0,0.0,0.0,0.0,0.2982142857142857,0.0085204081632653,0.2509260699372092,0.0035714285714285,0.0142857142857142,1.5011368167797547,unsat,4.424607581007876,unknown,1000.0041424049996,unsat,10.813403922016732,unknown,1000.0043866368942,z3+''
162,93785,31216,3.004388774987186,0.3328464040091699,7.508591853938124e-05,0.9176269337252676,3.182382331413296e-05,0.0008274194061674,1.260715016487422,7.508591853938124e-05,0.2037917179022267,3.188368830506313e-05,9.56510649151894e-05,0.6562210699844254,6.23563215696705e-05,1.0355544478358794,1.0607941104710986e-05,0.0007425558773297,0.1442078873578093,1.4993387088586951,0.0,1.0,0.763693563571933,0.1627257843340774,0.3178673027747359,0.0,0.3333333333333332,1.1067422942269405,0.0517252061581765,0.6436474344694438,0.3556736572998547,0.9993210917692984,0.8008889454645748,5.632517739867171e-05,1.1488235640906777,1.0607941104710986e-05,0.0007213399951203,1.5335470305103684,sat,230.38701751999903,unknown,1000.0046248720028,sat,37.892634736024775,unknown,1000.0049842810258,z3+'sat.lookahead_simplify=true'
163,16323,4771,3.4212953259274785,0.292286957054463,0.0005065786994475,0.9898451764973832,0.000244932949605,0.0106545833078194,2.1181121140369177,0.0005065786994475,0.4437002808690027,0.0002094679514034,0.0027230833682446,0.7858310443149437,0.0004945603619015,1.1835902180637876,0.0001224664748025,0.011266915681832,0.4867089744225253,0.9578770279066156,0.0,1.0,1.2068471699692946,0.1993485683472865,0.8863975028726112,0.0,0.7333333333333334,1.960510332748223,0.1767020731842648,0.7952972873675831,0.103790337395138,0.8990876247627212,0.6769946727083461,0.0003052426861489,0.8823580626034222,6.123323740126141e-05,0.0056946910783173,1.992172574837248,unsat,19.57160529900284,unknown,1000.004294504004,unsat,13.136652630986646,unknown,1000.0044530810555,z3+'sat.lookahead_simplify=true'
164,151746,57570,2.635852006253257,0.3793839705824206,2.533191560113625e-05,2.1824807558449666,3.82554007061947e-06,0.0043037325794469,1.3699955330237037,2.5331915601136245e-05,0.2021224682899411,1.0938884452563528e-05,3.281665335769058e-05,0.6355746473730919,2.0563083498728097e-05,2.635913052867296,3.82554007061947e-06,0.0041545365166927,0.5206700305915688,0.8572962252497802,0.0,1.0,1.062292011524664,0.169590091771988,0.426254058856665,0.0,1.0,1.142067042318344,0.0722884649596842,0.6812024437549972,0.3172826423770375,0.9984850861320348,0.5834981503513759,1.5430672851878234e-05,2.32803936606063,3.82554007061947e-06,0.0030107000355775,1.7219634649620286,unsat,0.3626476290082792,unknown,1000.0048320710192,unsat,0.163597407983616,unknown,1000.0053604519926,z3+'sat.lookahead_simplify=true'
167,139718,8959,15.595267328942962,0.0641220172060865,0.000436644585581,2.168674797153834,6.639092303300293e-06,0.0064996713649309,3.7286008112432687,0.000436644585581,0.3777185830215508,0.000104275286757,0.0011470281543274,1.795950682358736,0.0001779525962855,0.7810312255656944,6.639092303300293e-06,0.0005112101073541,0.5637850074523093,0.4859088493914623,0.0,1.0,1.9425176510659603,0.3702984704802596,0.8084241153103205,0.0,1.0,3.62997829642599,0.2993582133987688,0.1279419477768999,0.2810792508448245,0.4090211986217244,0.6042038732464498,0.0002687918555741,2.315998885009912,0.0,0.0034589670900194,3.3737200871810056,unsat,220.491928315998,unknown,1000.004669026006,unsat,278.4738442399539,unknown,1000.0048542720032,z3+''
169,91605,30550,2.998527004909984,0.3334970798537198,7.628703344883432e-05,4.462287564404422,5.4523843276664886e-05,0.0138708657295835,0.780590577915971,7.62870334488343e-05,0.2025886653464308,3.269362801190048e-05,0.0004250171641547,0.6367410593375142,6.077393316114661e-05,4.678183682516271,4.361907462133191e-05,0.0116026738492742,0.2884658025056921,1.284171613523472,0.0,1.0,1.0198712631867768,0.1845408977399305,0.2037374246753959,0.0,0.7142857142857143,0.7453226310178537,0.037597887252819,0.6666957460497476,0.3332824444129418,0.9999781904626892,0.7541301811282074,5.468677129430268e-05,3.928104276236451,2.1809537310665955e-05,0.0088982912227517,1.4542969738082874,sat,232.9054072620056,unknown,1000.0045694400324,sat,274.7392674069852,unknown,1000.0059641139816,z3+''
171,243504,4660,52.25407725321888,0.019137262632236,0.0004834248300985,0.2405682407166653,3.696037847427558e-05,0.0008008082002759,2.513109614882295,0.0004834248300985,0.6590748688590706,0.0004291845493562,0.0128755364806866,0.455789851155672,0.0004635257994369,0.2509184543022351,2.874696103554767e-05,0.0005502989683947,0.9206650684991904,0.2430980374453079,0.0,1.0,0.564576377281304,0.8052719472921758,0.3761655088978402,0.0647482014388489,0.9699248120300752,1.5548988738122147,0.302915531854316,0.8945232932518562,0.02602010644589,0.9205433996977462,0.9812405545699454,0.0004595186739976,0.2557931820284381,1.6426834877455812e-05,0.0006652868125369,2.9707207775075712,sat,331.9574588090036,unknown,1000.0044356000144,sat,988.2544818610186,unknown,1000.0052413829836,z3+''
172,142201,48141,2.953843916827652,0.3385419230525805,4.84675326561424e-05,1.6991409042214556,1.40643019886923e-05,0.0040856797277151,0.5925181760835115,4.84675326561424e-05,0.2020362931479265,2.0771883178929e-05,6.2315649536787e-05,0.6366001609549417,3.949585067216291e-05,1.8176871646881707,1.40643019886923e-05,0.0038114258389356,0.2895253766888883,1.299002727799761,0.0,1.0,1.017196883706758,0.1881972340229002,0.2206489117791817,0.0,0.5,0.4817277564942848,0.0415255148870049,0.6666619785660037,0.3333309892830018,0.9999929678490056,0.7981842986132598,3.592865031835694e-05,1.7262212470847147,7.03215099434615e-06,0.0029324069646423,1.4173734148959702,unsat,33.417237475005095,unknown,1000.0049285200076,unsat,34.5561173009919,unknown,1000.0058631609428,z3+''
173,15156,483,31.37888198757764,0.0318685669041963,0.0042010297871084,0.1930616067884847,0.0028371602005806,0.0069939297967801,3.1571862677834064,0.0042010297871084,0.3849751230877658,0.0041407867494824,0.0476190476190476,0.0105040683956824,0.0041350493173275,0.1961421735568639,0.0027711797307996,0.0069279493269992,1.0,0.0,1.0,1.0,0.0,0.967423592280956,0.0063962254160035,0.9534883720930232,0.981132075471698,0.9798887267176404,0.0061878593689889,0.9986144101346002,0.0,0.9986144101346002,0.9986144101346002,0.0041350493173275,0.1961421735568639,0.0027711797307996,0.0069279493269992,3.1571862677834064,sat,0.0405786539922701,sat,0.0116792969638481,sat,0.0099587029544636,sat,0.0128427930176258,z3+'sat.lookahead_simplify=true'
178,12692,527,24.083491461100568,0.0415222187204538,0.0057930678142367,0.1992338531403564,0.0030728017648912,0.0089032461393003,4.006091404824308,0.0057930678142367,0.1051693750254203,0.0056925996204933,0.0094876660341555,0.1222609259896446,0.0094733134350494,0.1686074394738154,0.0056728647967223,0.0156791679798298,1.0,0.0,1.0,1.0,0.0,0.9160811112715403,0.0527854724830187,0.7209302325581395,1.0,2.8421276101596264,0.048355774291237,0.0,0.973526630948629,0.973526630948629,0.0264733690513709,0.0002511704843583,0.6371856301038846,0.0,0.0009454774661203,2.0606436190287454,unsat,337.3503480579966,unknown,1000.004336536047,unsat,280.8778818299761,unknown,1000.0046205390244,z3+'sat.lookahead_simplify=true'
181,91870,11659,7.8797495497040915,0.1269075868074453,0.0002374888689692,0.6521036219404358,0.0,0.0005738483457337,2.959966597444099,0.0002374888689692,0.3755726647500037,7.8976465013426e-05,0.0003948823250671,1.2275890013028623,0.0001963538936513,0.433965590857793,4.946968497704607e-05,0.000316605983853,0.5681484486306791,0.641780573694196,0.0,1.0,1.461700132596062,0.4228886589539355,0.7813947085154086,0.0,0.92,3.0105105610766008,0.3304429603977825,0.4217488523033085,0.3274695266740541,0.7492183789773627,0.8095615007123634,0.000165223746939,0.6314721242016957,0.0,0.0003363938578439,2.7525975491768926,sat,65.49747491300514,unknown,1000.005130628997,sat,36.00918165198527,unknown,1000.0049083438936,z3+'sat.lookahead_simplify=true'
182,61409,945,64.98306878306879,0.0153886238173557,0.0021311354926948,0.1885602662436175,0.0009119184484358,0.0032568516015567,4.530801057969178,0.0021311354926948,0.2552946963815335,0.0021164021164021,0.0222222222222222,0.0060222886199768,0.002006875403283,0.186344477187401,0.0008956341904281,0.0030777247634711,1.0,0.0,1.0,1.0,0.0,0.9841304213772512,0.0032920611794695,0.9642857142857144,0.99,0.3280065107569672,0.003239817555751,0.9992672083896498,0.0,0.9992672083896498,0.9992672083896498,0.002114851234687,0.1900121716898093,0.0008956341904281,0.0032405673435489,4.530801057969178,sat,30.49885049999284,sat,39.37509794201469,unknown,1000.0046166590182,sat,5.792541121947579,z3+'sat.ddfw_search=true'
183,53,29,1.827586206896552,0.5471698113207547,0.0469348659003831,0.911996039653238,0.0,0.1551724137931034,1.6723621482222115,0.0469348659003831,0.2100047488494303,0.0185185185185185,0.0555555555555555,0.7608663810413112,0.1227180527383367,0.5417479873247069,0.0517241379310344,0.293103448275862,0.4252873563218391,0.9631637665516464,0.0,1.0,1.0974088280586505,0.1159905937683715,1.4850471986144416,0.0,0.6000000000000001,0.9490475004719988,0.1722515063413458,0.4310344827586206,0.5517241379310345,0.9827586206896552,0.7931034482758621,0.0354406130268199,0.8395797063248144,0.0,0.0862068965517241,1.424347344204436,unsat,0.0048549500061199,unknown,1000.0041484449756,unsat,0.0054042669944465,unknown,1000.0042776271002,z3+''
185,18241,6375,2.861333333333333,0.3494874184529357,0.0003620212029575,0.8904613896279432,5.458813253998581e-05,0.0052404607238386,1.186120271460002,0.0003620212029575,0.2013563783863422,0.0001560549313358,0.0004681647940074,0.6298186755819973,0.0002973412596494,0.9657744286827656,5.458813253998581e-05,0.0047491675309787,0.4213112069436104,1.034659127947667,0.0,1.0,1.07491250418462,0.1677907814140727,0.3906785168201138,0.0,1.0,1.0325519254477558,0.0655522536189378,0.6795130738577433,0.3201593973470167,0.99967247120476,0.8160925814727878,0.0002759477804881,0.9159886632297056,5.458813253998581e-05,0.0040395218079589,1.7004279325754472,unsat,0.7275567470060196,unknown,1000.0043748699828,unsat,0.5824830719502643,unknown,1000.0044819279574,z3+'sat.lookahead_simplify=true'
186,280,61,4.590163934426229,0.2178571428571428,0.0716627634660421,0.370738635317432,0.0285714285714285,0.1142857142857142,1.504295836968983,0.0716627634660421,0.145562467002092,0.0491803278688524,0.081967213114754,0.9262430335557756,0.0227166276346604,0.1801175794809912,0.0142857142857142,0.0285714285714285,0.3714285714285714,0.8355984993230935,0.0,1.0,1.7007946721890592,0.0,0.0,0.0,0.0,0.0,0.0,0.0,0.0857142857142857,0.0857142857142857,0.2714285714285714,0.0186182669789227,0.4543562684567802,0.0071428571428571,0.0357142857142857,1.793872286424758,unsat,13.783897682995304,unknown,1000.0041512689786,unsat,17.15144897508435,unknown,1000.0045781980734,z3+''
187,93274,11683,7.983737053838912,0.1252546261551986,0.000239510340394,0.6590915850532533,0.0,0.0005664781661734,2.935542275444486,0.000239510340394,0.3773298086101937,7.8976465013426e-05,0.0003948823250671,1.2324653737916216,0.0001938320366758,0.433965590857793,4.883432467012414e-05,0.0003125396778887,0.5650023928819089,0.6441179737654955,0.0,1.0,1.472391271643551,0.42133376553867,0.7855620454781015,0.0,0.92,2.9848989444453435,0.3309838146855484,0.4163321515426763,0.3232636955863537,0.73959584712903,0.802133083301591,0.0001642741634918,0.633886831971876,0.0,0.0003320734077568,2.656888072949841,sat,17.028902931022458,unknown,1000.0045636189752,sat,46.68189560703468,unknown,1000.0051622160244,z3+''
188,11402,2484,4.590177133655395,0.2178565164006314,0.0017677775546341,0.371195947790532,0.0007016312927556,0.0028065251710226,1.7331219451412627,0.0017677775546341,0.1655206442073076,0.000805152979066,0.002012882447665,0.9798383280665568,0.0005498795165749,0.1907077278634852,0.0003508156463778,0.0007016312927556,0.3932643395895457,0.7224339179583849,0.0,1.0,1.6958818174672072,3.354804079441758e-05,49.829710013203965,0.0,0.0833333333333332,0.0035496876520901,0.0016716891442969,0.0001754078231889,0.1445360463076653,0.1447114541308542,0.2755656902297842,0.0004533487217684,0.4541469520989817,0.0001754078231889,0.0008770391159445,1.9062363616859264,sat,45.578297479019966,sat,0.0439705459866672,sat,92.44750652601942,sat,0.1303399950265884,z3+'sat.local_search=true'
192,59040,19706,2.996041814675733,0.3337737127371273,0.0001181899163183,3.8221115499437768,8.454800635801008e-05,0.0125131049409854,0.8546989135650879,0.0001181899163183,0.2028953398132751,5.0650863597224336e-05,0.0006584612267639,0.6368511597095431,9.324904669221486e-05,3.716641555203618,6.763840508640807e-05,0.0098244783388007,0.2915978359179008,1.2771102337143918,0.0,1.0,1.0229171069083427,0.1819083912074029,0.1999617085596277,0.0,0.7142857142857143,0.8412089804426678,0.0363747127071654,0.6667117589367243,0.3332544218607325,0.9999661807974568,0.7522405221684872,8.484520696790959e-05,3.3077397869863,3.3819202543204033e-05,0.0078291453887517,1.453939158994656,sat,573.4604581790045,unknown,1000.0044551550528,unknown,1000.0047526620328,unknown,1000.0051088359904,z3+''
195,9086,2200,4.13,0.2421307506053268,0.0013636363636363,0.2854336102972692,0.0001100594320933,0.0029716046665199,2.670492122337781,0.0013636363636363,0.0,0.0013636363636363,0.0013636363636363,0.0,0.002347767794609,0.2547160378447152,0.0002201188641866,0.0044023772837332,0.4950473255558001,0.5772346848574004,0.3333333333333332,1.0,0.5540253781933233,0.2291049347177068,0.7973611896466501,0.0,1.0,3.310374042372542,0.1826793833004288,0.0,1.0,1.0,0.4984591679506934,0.0006797170472054,0.3912492523774794,0.0,0.0017609509134932,2.28240225780976,unsat,0.0480478040117304,unknown,1000.0044060429792,unsat,0.016478989040479,unknown,1000.0044614899672,z3+'sat.lookahead_simplify=true'
196,9086,2200,4.13,0.2421307506053268,0.0013636363636363,0.2843943581260222,0.0003301782962799,0.0029716046665199,2.665098500511052,0.0013636363636363,0.0,0.0013636363636363,0.0013636363636363,0.0,0.0023485682268424,0.2570934799989325,0.0006603565925599,0.0049526744441998,0.5058331499009465,0.5771966947878783,0.3333333333333332,1.0,0.5717451020660831,0.2323350807499331,0.7643663668788117,0.0,1.0,3.356784162384841,0.1775891215713217,0.0,1.0,1.0,0.4998899405679066,0.0006816681007744,0.3944275391350122,0.0,0.0017609509134932,2.2983206307528543,unsat,29.928377386007924,unknown,1000.0043361209682,unsat,25.64113996794913,unknown,1000.0046207809356,z3+'sat.lookahead_simplify=true'
198,88398,5676,15.573995771670193,0.0642095975022059,0.0008058603797287,2.856839994251332,3.207046951167365e-05,0.0104763533738133,1.5804069246308112,0.0008058603797287,0.6648255862638942,0.0001500600240096,0.0082533013205282,2.0553367155276847,0.0002778574441835,0.803721782723588,0.00019242281707,0.0015180022235525,0.7523209517565115,0.5277118445175148,0.0,1.0,0.8200443549044185,0.2593931966962768,1.002011770813208,0.0,0.9906103286384976,1.2597593318323994,0.2599150363585351,0.1873236124176858,0.1464123834772941,0.3337359958949799,0.9462285127854272,0.0006954184222222,3.2295488733407924,2.1380313007782435e-05,0.01041221243479,1.4195368326287832,unsat,2.6932587480114307,unknown,1000.0043546789676,unsat,2.7573897150577977,unknown,1000.0054221369792,z3+''
199,316416,11257,28.108377009860533,0.0355765827265372,0.0001786285254982,0.8032430749575814,9.469906216362103e-06,0.0004766519462235,2.3196279779876128,0.0001786285254982,0.2637648646435713,8.835483300936562e-05,0.0033574836543558,0.0506454042467738,0.0001784795907654,0.7873409685504389,6.313270810908069e-06,0.0004734953108181,0.4969902921277777,1.0040436574927565,0.0,1.0,0.7192698484547493,0.730422758947862,0.4413712549851792,0.0,1.0,2.35637457676044,0.3223876097865549,0.9919568929869031,0.0005460979251435,0.9925029909120466,0.7500102590650677,0.0001329340107175,0.9097469522796412,0.0,0.0004766519462235,3.634069857740037,sat,203.35763986301023,unknown,1000.0052332160412,sat,73.38180169300176,unknown,1000.0054543360602,z3+'sat.lookahead_simplify=true'
201,2276,525,4.335238095238095,0.2306678383128295,0.0057946271654531,0.8091262313250132,0.0008787346221441,0.0430579964850615,3.031396655555749,0.0057946271654531,0.3062789376261438,0.0038095238095238,0.0114285714285714,1.2704388901551402,0.0043384383630429,0.7815855760769139,0.000439367311072,0.0364674868189806,0.3940685413005272,0.8667599612620006,0.0,1.0,1.564302121927184,0.1949596736037466,0.9688688758663438,0.0,0.8333333333333334,2.7024818950379057,0.1888903598037313,0.3321616871704745,0.3743409490333919,0.7065026362038664,0.6827768014059754,0.0035525985438111,0.8411477516187968,0.0,0.0206502636203866,2.665649344659184,sat,0.0887449610163457,sat,0.0092333940556272,sat,0.0075243329629302,sat,0.0799653539434075,z3+'sat.lookahead_simplify=true'
202,31216,9508,3.283129995793016,0.3045873910814967,0.0002687147355759,0.8725556648104998,9.435445824815225e-05,0.0075798081459348,1.1781936204028869,0.0002687147355759,0.1919537084554093,0.000103755965968,0.0003112678979041,0.6917284565644832,0.0001657289035273,1.3381158143942316,3.1451486082717406e-05,0.003774178329926,0.5021963621114431,0.7746878181726876,0.0,1.0,1.0511728716364228,0.104505745133826,0.7878594706997325,0.0,0.5,1.1011804511861365,0.0823358410462173,0.4049064318289039,0.5924830948262305,0.9973895266551344,0.6059128793835509,0.0001560500170653,0.9269176673662848,6.290297216543481e-05,0.0040572417046705,1.7913227335896231,sat,104.56167532198016,unknown,1000.00437896495,sat,375.3876336939866,unknown,1000.0046541590708,z3+''
205,5667,1729,3.277617119722383,0.305099700017646,0.0015313396851039,0.1387282269855487,0.0,0.001707650273224,1.3284468625945376,0.0015313396851039,0.1633404821031807,0.0005599104143337,0.0016797312430011,0.5894108805599998,0.0008018781283005,0.1325768009720069,0.0003415300546448,0.000853825136612,0.5011384335154827,0.7113623197814753,0.0,1.0,0.9570603501542608,0.0510389448799303,1.156374361544629,0.0,0.1999999999999999,0.9076741272721388,0.0590201272994409,0.2602459016393442,0.737363387978142,0.9976092896174864,0.5611338797814208,0.0008317385065384,0.3079136491678343,0.0,0.0013661202185792,1.8005006864164712,sat,0.1334414489974733,unknown,1000.004208258004,sat,0.0570645389379933,unknown,1000.0047953879694,z3+'sat.lookahead_simplify=true'
207,630,134,4.701492537313433,0.2126984126984127,0.0250177683013503,0.5257276921469655,0.0079365079365079,0.0666666666666666,2.004060849707215,0.0250177683013503,0.1593443597997745,0.0149253731343283,0.0298507462686567,0.7803094272684048,0.0119402985074626,0.509897473379236,0.0063492063492063,0.0492063492063492,0.4613756613756614,0.743412984201041,0.0,1.0,1.30793999060068,0.0071073205401563,4.413071492736097,0.0,0.1999999999999999,0.2882182593344518,0.0313651136655017,0.0285714285714285,0.5904761904761905,0.6190476190476191,0.419047619047619,0.0100213219616204,0.6037354819323069,0.0031746031746031,0.0412698412698412,2.3933584010926383,unsat,9.550059440982295,unknown,1000.0045481009874,unsat,7.791098763002083,unknown,1000.0049561000196,z3+'sat.lookahead_simplify=true'
209,28371,1350,21.015555555555554,0.047583800359522,0.001729935497515,0.5444623276652141,0.0001057417785767,0.0031017588382503,2.3730132458391417,0.001729935497515,0.9598519603789356,0.0014814814814814,0.0162962962962962,0.3517510532745038,0.0019601131567576,0.5454589687144773,0.0001057417785767,0.0032427478763526,0.9526031169258408,0.1776411745704344,0.0,1.0,0.3777842943341984,0.6379567484214499,0.3955885962373107,0.0434782608695651,0.9555555555555556,2.261823779699505,0.2523684145681605,0.9199182263579008,0.0506150646787212,0.970533291036622,0.9195657537626448,0.0013623196352039,0.5495993434524961,3.524725952557189e-05,0.0022558246096366,1.8576074803456344,sat,0.048515786009375,unknown,1000.0042621180182,sat,0.0152378629427403,sat,0.0413138630101457,z3+'sat.lookahead_simplify=true'
211,38991,13186,2.95699984832398,0.3381806057808212,0.0001767089532394,1.2424783907229977,2.5618035096708083e-05,0.0033815806327654,0.9366166646818228,0.0001767089532394,0.2020726491476039,7.57346258709482e-05,0.0002272038776128,0.6370389551266933,0.000139078203413,1.4237812000427086,5.1236070193416165e-05,0.0033047265274753,0.6224072413645874,0.7040071023839064,0.0,1.0,0.9894555575438012,0.1737216196220933,0.2741501508169546,0.0,1.0,0.882907618844552,0.0476258082195625,0.6666325092865377,0.3333162546432688,0.9999487639298066,0.7216600486742667,0.0001134690370036,1.2325860998094589,2.5618035096708083e-05,0.0025361854745741,1.164951241012966,unsat,11.134524686000075,unknown,1000.0045977819829,unsat,18.680610810988583,unknown,1000.0047212970676,z3+''
212,21294,200,106.47,0.0093923170846247,0.0219092232553771,0.2394505874326049,0.0100497792805485,0.0292570677186061,4.984566634594323,0.0219092232553771,1.0967349759831584,0.01,0.105,0.3469404456913258,0.0093378416455339,0.002039140508219,0.0092514323283554,0.0093453554992016,1.0,0.0,1.0,1.0,0.0,0.285354889710443,0.5487867607421636,0.1269565217391304,0.8411214953271029,3.560369591177364,0.1565989855861313,0.0124448201371278,0.9093641401333707,0.9218089602704987,0.0781910397295012,0.0081443129520052,0.3570134510043171,0.0007983469521931,0.0123978585517047,4.717726740238518,sat,90.1760721610044,sat,33.82259920198703,sat,251.9910923850257,sat,14.539887027000075,z3+'sat.ddfw_search=true'
